Date,Tournament Name,Surface,Format,Division,City,State,Venue Name,Venue Address (Full Address),Entry Fee Per Player,Registration Deadline,Organizer Name,Organizer Contact Email,Event Page URL,Payout,Notes,Zip Code,Attachments,Status,Created By
"February 28, 2026",MKE Turf,Turf,"Men's Quads,Women's Quads","Open,A",Oak Creek,Wisconsin,Milwaukee Yard Indoor Sports Complex,"7727 S Longwater Dr, Oak Creek, WI 53154",$200.00,,Steven Mulvey & Mauricio Vidal,,https://fb.me/e/7fQHHdH7O,,,,,Approved,Tommy Heimrich
"March 14, 2026",SSOVA Beach Series - Clearwater Beach,Beach,"Men's Doubles,Women's Doubles","Open,AAA,AA,A,BB,B",Clearwater Beach,Florida,Pier 60,"7000 Gulf Blvd, Clearwater Beach, Florida 33767",$75.00,3/12/2026,SSOVA,director@ssova.com,https://www.ssova.com/,Cash for Open; Prizes for AAA-B,"Open check-in 7-7:15am, Start 7:30am. AAA-B check-in 7-7:30am, Start 8am. AVP Silver required.",33767,SSOVA.png (https://v5.airtableusercontent.com/v3/u/57/57/1790064000000/B5yvYLzH0wK08O2etuBnYg/-DiXtGw9BmxyK95C6cEppJjp4H_WHJq2SFhbnuwnr7mu8sA4c-whFb3wo4HLutM9oWhGcj-XlUx6qmT2EPqv-6t57MFo9GnIfKL58mH9Qk8Hziry1NYEMfqkIktqFTG4FmVpKaEfvsI9wL9yy9hv0w/Ahr0kBqxrGBRlAhbJrPs-hmA5XxgdXMA6XehqF1nLSg),,Tommy Heimrich
"March 15, 2026",SSOVA Beach Series - Clearwater Beach,Beach,Coed Doubles,"AA,A,BB,B",Clearwater Beach,Florida,Pier 60,"7000 Gulf Blvd, Clearwater Beach, Florida 33767",$42.50,3/13/2026,SSOVA,director@ssova.com,https://www.ssova.com/,Prizes & AVP Points,"Coed check-in 7-7:30am, Start 8am. AVP Silver required.",33767,SSOVA.png (https://v5.airtableusercontent.com/v3/u/57/57/1790064000000/B5yvYLzH0wK08O2etuBnYg/-DiXtGw9BmxyK95C6cEppJjp4H_WHJq2SFhbnuwnr7mu8sA4c-whFb3wo4HLutM9oWhGcj-XlUx6qmT2EPqv-6t57MFo9GnIfKL58mH9Qk8Hziry1NYEMfqkIktqFTG4FmVpKaEfvsI9wL9yy9hv0w/Ahr0kBqxrGBRlAhbJrPs-hmA5XxgdXMA6XehqF1nLSg),,Tommy Heimrich
"March 21, 2026",Met Volley Grass Season Debut,Grass,"Men's Trips,Women's Trips",Open,Knoxville,Tennessee,Karn's Sports Park Field,"8050 Oak Ridge Hwy, Knoxville, TN 37931",$75.00,3/19/2026,MET Volleyball,catelyn.krings4@gmail.com,https://www.facebook.com/share/1F4po5PegD/,Yes,,,MET Volleyball.jpg (https://v5.airtableusercontent.com/v3/u/57/57/1790064000000/Ja-6UNg-bLDi43h-KBUWcQ/V0bidH0wnEMUQc7dDb8E5W5aygviiNBT9yAmpU6gtfF3pk0Po0upDxyVkLNp1o8dKjOdtpjCnYfIVsYxOnKH3MlTaJMoafXoqD8WegOMtdYUN30LMckU1lpDv1lwgN7Ewu29gEIiqiAopPFEkFjMhkeGFSiMNc8I2t5BlrtHJxA/6MtAxyz2IzyJk7lcj6UN7-o1puA5BPF5bQ9fxiKS2aI),Approved,Anonymous
"April 11, 2026",901 Volleyball Grass Series #01,Grass,"Men's Doubles,Women's Doubles","Open,A,BB",Memphis,Tennessee,Tobey Park,"2599 Avery Ave Memphis, TN 38112, USA
	",$40.00,4/9/2026,901 Volleyball,901volleyball@gmail.com,https://901volleyball.volleyballlife.com/event/36038?tab=information,,Check-in 8:15 AM - 8:45 AM. Players meeting at 8:50 AM.,60625,Screenshot 2026-03-29 at 20.32.47.png (https://v5.airtableusercontent.com/v3/u/57/57/1790064000000/xLOLIZ82-RQfQERhnu104Q/1USR_uS4m6XowEUBNjekXCZDSP3AuSClwVrrKgF1DK5unCfdz12GRXZ7QmvYXq-qFbKdfxC0sr5Hg8GWPAJsv1aUmlGG5J63QNQ925_73pF0DxCWD7r5eqF2cUItz-3jco1otm2EJdyMZPcimH1lQrwc3_4AhWHYAOab2EPzUQOepHDACcf8hmhCsJtG38X7/EJM-fbFhjncBHYjO-yVvdJXLyxnh6WjvuJIy_K6MbwY),Approved,Tommy Heimrich
"April 11, 2026",2026 Players Grass Series #1 - Early Bird Tourney,Grass,"Men's Trips,Women's Trips,Coed Quads","AA,A,BB,B,Recreational",Chicago,Illinois,The Dock at Montrose Beach,"200 W Montrose Harbor Dr, Chicago, IL, United States, 60640",$105.00,4/10/2026,Chicago Players Sports & Social Group,play@playerssports.net,https://www.playerssports.net/page/upcoming-volleyball-tournaments?fbclid=IwY2xjawQggHxleHRuA2FlbQIxMABicmlkETFoMkhZaktzTGQ0aHdOSGI1c3J0YwZhcHBfaWQQMjIyMDM5MTc4ODIwMDg5MgABHmCumT0FWdC06y4erIk1hGSJoEbyhkw1_b5E3xHSH6Csa1QE2QBWnG0TQ4RC_aem_uOMf490MRCsJClJg4NTiOQ,Yes,Rate goes up by $5/person if registered after 4/5,60640,"""Players Sport & Social Group - Chicago, IL.jpg (https://v5.airtableusercontent.com/v3/u/57/57/1790064000000/mWxE35quQC3x-9MPEhhw9w/V6FtbovUCQcgU98v9xD1xPUXtb29gxCmKX6iTJm1Ut0RC8FcrljSrsumhrjrRAV0Q1kS-M4QAFyfnbX-Kh2WEGT95jZXmQbHonmWoRsYbfjYzrijU_sySQc_7hQgf2iBUNm6bbtNxewIjeIlkPH8y5DkYuoy_xp3MRSB1BoYh-KY2OooL5Pf8fFmvVTuWPyg/J-Sbapgy6nzHLPmA8xP90IsOFz6LWgO16chhGNv8ZCs)""",Approved,Anonymous
"April 11, 2026",AVPA COED Doubles,Beach,Coed Doubles,"A,BB",Spring Hill,Tennessee,Hyden Beach,"5191 Joe Peay Rd, Spring Hill, Tennessee 37174",,,Hyden Beach,hydenbeach@gmail.com,https://hydenbeach.com/,Prizes for top finishers,AVPArmerica membership required.,37174,Hyden Beach Volleyball.png (https://v5.airtableusercontent.com/v3/u/57/57/1790064000000/PyXdelqZYOOd3ipuoCWIYg/7mx1u0SrvV1CLBUx9ib8Mc6ak5S2_lVJD2zVyFmyxATKp1lfEDqbnj_5-H9BJlYWYGNOizjpN6GzWO6KrqXLoBt-oJtVdb3mTCxKMojZd3zW_LEd_uHzWqMo8Y0sN_hirs4WPeHnjoAJduJQUgYxFDeg0V1j2bAJRiOEw7davI0/lk3kPgAJPI8tFzrUE29HJe2rcd58FCSQ_VhV4cDtQVs),Approved,Tommy Heimrich
"April 11, 2026",SSOVA Beach Series - St. Pete Beach,Beach,"Men's Doubles,Women's Doubles","Open,AAA,AA,A,BB,B",St. Pete Beach,Florida,Bilmar Beach Resort,"10650 Gulf Blvd, Treasure Island, Florida 33706",$75.00,4/9/2026,SSOVA,director@ssova.com,https://www.ssova.com/,Cash for Open; Prizes for AAA-B,"Open check-in 7-7:15am, Start 7:30am. AAA-B check-in 7-7:30am, Start 8am. AVP Silver required.",33706,SSOVA.png (https://v5.airtableusercontent.com/v3/u/57/57/1790064000000/B5yvYLzH0wK08O2etuBnYg/-DiXtGw9BmxyK95C6cEppJjp4H_WHJq2SFhbnuwnr7mu8sA4c-whFb3wo4HLutM9oWhGcj-XlUx6qmT2EPqv-6t57MFo9GnIfKL58mH9Qk8Hziry1NYEMfqkIktqFTG4FmVpKaEfvsI9wL9yy9hv0w/Ahr0kBqxrGBRlAhbJrPs-hmA5XxgdXMA6XehqF1nLSg),,Tommy Heimrich
"April 12, 2026",SSOVA Beach Series - St. Pete Beach,Beach,Coed Doubles,"AA,A,BB,B",St. Pete Beach,Florida,Bilmar Beach Resort,"10650 Gulf Blvd, Treasure Island, Florida 33706",$42.50,4/10/2026,SSOVA,director@ssova.com,https://www.ssova.com/,Prizes & AVP Points,"Coed check-in 7-7:30am, Start 8am. AVP Silver required.",33706,SSOVA.png (https://v5.airtableusercontent.com/v3/u/57/57/1790064000000/B5yvYLzH0wK08O2etuBnYg/-DiXtGw9BmxyK95C6cEppJjp4H_WHJq2SFhbnuwnr7mu8sA4c-whFb3wo4HLutM9oWhGcj-XlUx6qmT2EPqv-6t57MFo9GnIfKL58mH9Qk8Hziry1NYEMfqkIktqFTG4FmVpKaEfvsI9wL9yy9hv0w/Ahr0kBqxrGBRlAhbJrPs-hmA5XxgdXMA6XehqF1nLSg),,Tommy Heimrich
"April 18, 2026",Outdoor Opener - ADV,Grass,"Men's Trips,Women's Trips","Open,A,BB",Doraville,Georgia,Honeysuckle Park,"3037 Pleasant Valley Dr., Doraville, GA 30340",,,Angry Dragon Volleyball,angrydragon@angrydragonvolleyball.com,https://www.angrydragonvolleyball.com/tournaments/outdoor-opener26,Yes,Cash in Open (based on FAQ),30340,Angry Dragon Volleyball.jpg (https://v5.airtableusercontent.com/v3/u/57/57/1790064000000/fsMg9Hv4HEr4Y_5oC0VC0Q/jlljJubPe0rzzWnShEBt2qhq8iRjJFIQaClsglNizmuivMPWIO7XABdyj4ZpJzOfEqaU3ZL2AySn5dzUokG9oKyXJqRSwsYG66kqpumjGLrWCX7awcUu0oZ7VdidpvlSzXyzC809UqnSA8gllUfNtC-JgFkNxvODqqxXKBAuGoY/pgYuW4tHovKxvhm3JySY3BkBh0F5kiYdu-IMAUmJL6I),Approved,Tommy Heimrich
"April 22, 2026",FUDS,Beach,Coed Doubles,"Open,A,BB,B",Fort Walton Beach,Florida,The Boardwalk on Okaloosa Island,"1450 Miracle Strip Pkwy SE, Fort Walton Beach, FL 32548, USA",$120.00,,Mike Munich,info@emeraldcoastvolleyball.com,https://emeraldcoast.volleyballlife.com/events,,,,Screenshot 2026-03-29 at 16.25.50.png (https://v5.airtableusercontent.com/v3/u/57/57/1790064000000/yb5otKVByTr0tULcsI3wBQ/TvdbNpGf84Z91QBsn8Y14BXc3o0_y5bvl_zI2s-oABY4WGhjE8-vKF9MrtbPvJylOuom1Q8iWigFEd15u11AZAqv3vhciBByfPaXiU2brXUlO54K8-aHaVeRhxcfEIxdalvNAp3YjqkETBDBJ8qrkYNV-TJ_bcRnkwNAw4JeX1lAQszT8G_a9IlBUsPICqBj/3F5Pi-6ftDk9buUOhiUG2Dy5jUMjRnkQVTqOy28bs7c),Approved,Tommy Heimrich
"April 23, 2026",FUDS,Beach,"Men's Doubles,Women's Doubles","Open,A,BB,B",Fort Walton Beach,Florida,The Boardwalk on Okaloosa Island,"1450 Miracle Strip Pkwy SE, Fort Walton Beach, FL 32548, USA",$120.00,,Mike Munich,info@emeraldcoastvolleyball.com,https://emeraldcoast.volleyballlife.com/events,,,,Screenshot 2026-03-29 at 16.25.50.png (https://v5.airtableusercontent.com/v3/u/57/57/1790064000000/yb5otKVByTr0tULcsI3wBQ/TvdbNpGf84Z91QBsn8Y14BXc3o0_y5bvl_zI2s-oABY4WGhjE8-vKF9MrtbPvJylOuom1Q8iWigFEd15u11AZAqv3vhciBByfPaXiU2brXUlO54K8-aHaVeRhxcfEIxdalvNAp3YjqkETBDBJ8qrkYNV-TJ_bcRnkwNAw4JeX1lAQszT8G_a9IlBUsPICqBj/3F5Pi-6ftDk9buUOhiUG2Dy5jUMjRnkQVTqOy28bs7c),Approved,Tommy Heimrich
"April 24, 2026",FUDS,Beach,Coed Quads,"Open,A,BB,B",Fort Walton Beach,Florida,The Boardwalk on Okaloosa Island,"1450 Miracle Strip Pkwy SE, Fort Walton Beach, FL 32548, USA",$240.00,,Mike Munich,info@emeraldcoastvolleyball.com,https://emeraldcoast.volleyballlife.com/events,,,,Screenshot 2026-03-29 at 16.25.50.png (https://v5.airtableusercontent.com/v3/u/57/57/1790064000000/yb5otKVByTr0tULcsI3wBQ/TvdbNpGf84Z91QBsn8Y14BXc3o0_y5bvl_zI2s-oABY4WGhjE8-vKF9MrtbPvJylOuom1Q8iWigFEd15u11AZAqv3vhciBByfPaXiU2brXUlO54K8-aHaVeRhxcfEIxdalvNAp3YjqkETBDBJ8qrkYNV-TJ_bcRnkwNAw4JeX1lAQszT8G_a9IlBUsPICqBj/3F5Pi-6ftDk9buUOhiUG2Dy5jUMjRnkQVTqOy28bs7c),Approved,Tommy Heimrich
"April 25, 2026",AVPA ADULT King and Queen of the Court,Beach,King & Queen Of The Beach,"AA,BB",Spring Hill,Tennessee,Hyden Beach,"5191 Joe Peay Rd, Spring Hill, Tennessee 37174",,4/24/2026,Hyden Beach,hydenbeach@gmail.com,https://hydenbeach.com/,Prizes for top finishers,Staggered start time. Check-in 9:45 AM. Play begins 10:15 AM.,37174,Hyden Beach Volleyball.png (https://v5.airtableusercontent.com/v3/u/57/57/1790064000000/PyXdelqZYOOd3ipuoCWIYg/7mx1u0SrvV1CLBUx9ib8Mc6ak5S2_lVJD2zVyFmyxATKp1lfEDqbnj_5-H9BJlYWYGNOizjpN6GzWO6KrqXLoBt-oJtVdb3mTCxKMojZd3zW_LEd_uHzWqMo8Y0sN_hirs4WPeHnjoAJduJQUgYxFDeg0V1j2bAJRiOEw7davI0/lk3kPgAJPI8tFzrUE29HJe2rcd58FCSQ_VhV4cDtQVs),Approved,Tommy Heimrich
"April 25, 2026",FUDS,Beach,"Men's Quads,Women's Quads","Open,A,BB,B",Fort Walton Beach,Florida,The Boardwalk on Okaloosa Island,"1450 Miracle Strip Pkwy SE, Fort Walton Beach, FL 32548, USA",$240.00,,Mike Munich,info@emeraldcoastvolleyball.com,https://emeraldcoast.volleyballlife.com/events,,,,Screenshot 2026-03-29 at 16.25.50.png (https://v5.airtableusercontent.com/v3/u/57/57/1790064000000/yb5otKVByTr0tULcsI3wBQ/TvdbNpGf84Z91QBsn8Y14BXc3o0_y5bvl_zI2s-oABY4WGhjE8-vKF9MrtbPvJylOuom1Q8iWigFEd15u11AZAqv3vhciBByfPaXiU2brXUlO54K8-aHaVeRhxcfEIxdalvNAp3YjqkETBDBJ8qrkYNV-TJ_bcRnkwNAw4JeX1lAQszT8G_a9IlBUsPICqBj/3F5Pi-6ftDk9buUOhiUG2Dy5jUMjRnkQVTqOy28bs7c),Approved,Tommy Heimrich
"April 25, 2026",SSOVA Beach Series - Siesta Key,Beach,"Men's Doubles,Women's Doubles","Open,AAA,AA,A,BB,B",Siesta Key,Florida,Siesta Beach,"948 Beach Rd, Sarasota, Florida 34242",$75.00,4/23/2026,SSOVA,director@ssova.com,https://www.ssova.com/,Cash for Open; Prizes for AAA-B,"Open check-in 7-7:15am, Start 7:30am. AAA-B check-in 7-7:30am, Start 8am. AVP Silver required.",34242,SSOVA.png (https://v5.airtableusercontent.com/v3/u/57/57/1790064000000/B5yvYLzH0wK08O2etuBnYg/-DiXtGw9BmxyK95C6cEppJjp4H_WHJq2SFhbnuwnr7mu8sA4c-whFb3wo4HLutM9oWhGcj-XlUx6qmT2EPqv-6t57MFo9GnIfKL58mH9Qk8Hziry1NYEMfqkIktqFTG4FmVpKaEfvsI9wL9yy9hv0w/Ahr0kBqxrGBRlAhbJrPs-hmA5XxgdXMA6XehqF1nLSg),,Tommy Heimrich
"April 26, 2026",FUDS,Beach,"Men's Quads,Women's Quads","Open,A,BB,B",Fort Walton Beach,Florida,The Boardwalk on Okaloosa Island,"1450 Miracle Strip Pkwy SE, Fort Walton Beach, FL 32548, USA",$240.00,,Mike Munich,info@emeraldcoastvolleyball.com,https://emeraldcoast.volleyballlife.com/events,,,,Screenshot 2026-03-29 at 16.25.50.png (https://v5.airtableusercontent.com/v3/u/57/57/1790064000000/yb5otKVByTr0tULcsI3wBQ/TvdbNpGf84Z91QBsn8Y14BXc3o0_y5bvl_zI2s-oABY4WGhjE8-vKF9MrtbPvJylOuom1Q8iWigFEd15u11AZAqv3vhciBByfPaXiU2brXUlO54K8-aHaVeRhxcfEIxdalvNAp3YjqkETBDBJ8qrkYNV-TJ_bcRnkwNAw4JeX1lAQszT8G_a9IlBUsPICqBj/3F5Pi-6ftDk9buUOhiUG2Dy5jUMjRnkQVTqOy28bs7c),Approved,Tommy Heimrich
"April 26, 2026",SSOVA Beach Series - Siesta Key,Beach,Coed Doubles,"AA,A,BB,B",Siesta Key,Florida,Siesta Beach,"948 Beach Rd, Sarasota, Florida 34242",$42.50,4/24/2026,SSOVA,director@ssova.com,https://www.ssova.com/,Prizes & AVP Points,"Coed check-in 7-7:30am, Start 8am. AVP Silver required.",34242,SSOVA.png (https://v5.airtableusercontent.com/v3/u/57/57/1790064000000/B5yvYLzH0wK08O2etuBnYg/-DiXtGw9BmxyK95C6cEppJjp4H_WHJq2SFhbnuwnr7mu8sA4c-whFb3wo4HLutM9oWhGcj-XlUx6qmT2EPqv-6t57MFo9GnIfKL58mH9Qk8Hziry1NYEMfqkIktqFTG4FmVpKaEfvsI9wL9yy9hv0w/Ahr0kBqxrGBRlAhbJrPs-hmA5XxgdXMA6XehqF1nLSg),,Tommy Heimrich
"May 2, 2026",2026 Players Grass Series #2 - Spring Grass Luau,Grass,"Men's Trips,Women's Trips,Coed Quads","AA,A,BB,B,Recreational",Chicago,Illinois,Montrose Grove,"601 W Montrose Ave Chicago, IL 60613",$105.00,4/29/2026,Chicago Players Sports & Social Group,play@playerssports.net,https://www.playerssports.net/page/players-grass-series,N/A,Rate goes up by $5/person if registered after 4/26,60640,"""Players Sport & Social Group - Chicago, IL.jpg (https://v5.airtableusercontent.com/v3/u/57/57/1790064000000/mWxE35quQC3x-9MPEhhw9w/V6FtbovUCQcgU98v9xD1xPUXtb29gxCmKX6iTJm1Ut0RC8FcrljSrsumhrjrRAV0Q1kS-M4QAFyfnbX-Kh2WEGT95jZXmQbHonmWoRsYbfjYzrijU_sySQc_7hQgf2iBUNm6bbtNxewIjeIlkPH8y5DkYuoy_xp3MRSB1BoYh-KY2OooL5Pf8fFmvVTuWPyg/J-Sbapgy6nzHLPmA8xP90IsOFz6LWgO16chhGNv8ZCs)""",Approved,Anonymous
"May 2, 2026",Chucktown Volleyball,Grass,Coed Doubles,"Open,A,B",Summerville,South Carolina,Gahagan Park,"184 W Boundary St, Summerville, SC 29485, USA",$40.00,,Chucktown Volleyball,Chucktownvolleyball@gmail.com,https://chucktown.volleyballlife.com/events,,,29485,Screenshot 2026-03-29 at 17.29.27.png (https://v5.airtableusercontent.com/v3/u/57/57/1790064000000/qeZ1iTl0TlSzC7sYHUsOTQ/OJ7rn-7Oi0415jyUcauVJ2bQ5Fzj6_Wmjbb0OcX7T8XsyLUAlfhyyMeKI_b5xohwBuCxw3Ff9ap7_ipfJtivaNfhFFXim2jpc3f3odAmEJprc5CNACA-IWdnR1RqlzOpwy2Ct7rWQn3vDVVQ2mYnPmumaFZB3mQO9qubO3MdnoKkZL0kvY5CnYjAAthJWg32/dTYn40d7RlWxNaXNKYHUwvgr57HY6l2JVBXCpOYxzuo),Approved,Tommy Heimrich
"May 2, 2026",Mayday Mayhem,Grass,"Men's Trips,Women's Quads","Open,BB",St. Ann,Missouri,Tiemeyer Park,"3311 Ashby Rd, St Ann, Missouri 63074",$40.00,4/30/2026,Steve Winzenburger & Jen Divan,,,Cash payout for Open; Prizes for BB,,63074,,Approved,Tommy Heimrich
"May 2, 2026",Nashville Beach Men's & Women's 2's,Beach,"Men's Doubles,Women's Doubles","AA,A,BB",Joelton,Tennessee,Nashville Beach,"7531 Bidwell Rd, Joelton, Tennessee 37080",$40.00,5/1/2026,Nashville Beach,beachresearch@yahoo.com,https://nashvillebeach.com/,AVP America & Nashville Beach merchandise,"AVP America Silver membership required. Sign-in 8:30 AM, Captain's meeting 8:45 AM, Start 9:00 AM.",37080,Nashville Beach Volleyball.jpg (https://v5.airtableusercontent.com/v3/u/57/57/1790064000000/XwPC5TvL_2y3MZ8-XWzlnQ/pInaviHFAOUKNxQEB35W7GuSwqyWXlzNh3pX4YFTDj_aAZGYMOoBrBNYAyFWtZ9U4XaLTv2S4mKW2J5wLgVmjZR2H07m50CUd6YajPLm98oGo1C_EKwNZh5YJac4f0KABgmx-QEe_jOUQk4FSfFA2L5kZ5gcqni1ZegOf2F_PFztb4_cvlBPt6VdoPdxLe_q/vWn-npi3I8aUqnvyrwZ4TeKJr2an4k3X2tXAnqj1mzU),,Tommy Heimrich
"May 2, 2026",Smashfest: The Quad Series,Grass,"Men's Quads,Women's Quads","Open,A,B",Springfield,Missouri,Pat Jones YMCA,"1901 E Republic Rd, Springfield, MO 65804",,,Matthew Beknazarov,,,,,,,Approved,Tommy Heimrich
"May 3, 2026",Chucktown Volleyball,Grass,"Men's Doubles,Women's Doubles","Open,A,B",Summerville,South Carolina,Gahagan Park,"184 W Boundary St, Summerville, SC 29485, USA",$40.00,,Chucktown Volleyball,Chucktownvolleyball@gmail.com,https://chucktown.volleyballlife.com/events,,,29485,Screenshot 2026-03-29 at 17.29.27.png (https://v5.airtableusercontent.com/v3/u/57/57/1790064000000/qeZ1iTl0TlSzC7sYHUsOTQ/OJ7rn-7Oi0415jyUcauVJ2bQ5Fzj6_Wmjbb0OcX7T8XsyLUAlfhyyMeKI_b5xohwBuCxw3Ff9ap7_ipfJtivaNfhFFXim2jpc3f3odAmEJprc5CNACA-IWdnR1RqlzOpwy2Ct7rWQn3vDVVQ2mYnPmumaFZB3mQO9qubO3MdnoKkZL0kvY5CnYjAAthJWg32/dTYn40d7RlWxNaXNKYHUwvgr57HY6l2JVBXCpOYxzuo),Approved,Tommy Heimrich
"May 3, 2026",Mayday Mayhem,Grass,Coed Quads,"Open,BB",St. Ann,Missouri,Tiemeyer Park,"3311 Ashby Rd, St Ann, Missouri 63074",$40.00,4/30/2026,Steve Winzenburger & Jen Divan,,,Cash payout for Open; Prizes for BB,,63074,,Approved,Tommy Heimrich
"May 3, 2026",Nashville Beach Coed 2's,Beach,Coed Doubles,"AA,A,BB",Joelton,Tennessee,Nashville Beach,"7531 Bidwell Rd, Joelton, Tennessee 37080",$40.00,5/2/2026,Nashville Beach,beachresearch@yahoo.com,https://nashvillebeach.com/,AVP America & Nashville Beach merchandise,"AVP America points. 4 white sand courts, tiki hut, and hot shower available.",37080,Nashville Beach Volleyball.jpg (https://v5.airtableusercontent.com/v3/u/57/57/1790064000000/XwPC5TvL_2y3MZ8-XWzlnQ/pInaviHFAOUKNxQEB35W7GuSwqyWXlzNh3pX4YFTDj_aAZGYMOoBrBNYAyFWtZ9U4XaLTv2S4mKW2J5wLgVmjZR2H07m50CUd6YajPLm98oGo1C_EKwNZh5YJac4f0KABgmx-QEe_jOUQk4FSfFA2L5kZ5gcqni1ZegOf2F_PFztb4_cvlBPt6VdoPdxLe_q/vWn-npi3I8aUqnvyrwZ4TeKJr2an4k3X2tXAnqj1mzU),Approved,Tommy Heimrich
"May 9, 2026",'UTL' AVPA COED Doubles,Beach,Coed Doubles,"A,BB",Spring Hill,Tennessee,Hyden Beach,"5191 Joe Peay Rd, Spring Hill, Tennessee 37174",,,Hyden Beach,hydenbeach@gmail.com,https://hydenbeach.com/,Prizes for top finishers,UTL Series event.,37174,Hyden Beach Volleyball.png (https://v5.airtableusercontent.com/v3/u/57/57/1790064000000/PyXdelqZYOOd3ipuoCWIYg/7mx1u0SrvV1CLBUx9ib8Mc6ak5S2_lVJD2zVyFmyxATKp1lfEDqbnj_5-H9BJlYWYGNOizjpN6GzWO6KrqXLoBt-oJtVdb3mTCxKMojZd3zW_LEd_uHzWqMo8Y0sN_hirs4WPeHnjoAJduJQUgYxFDeg0V1j2bAJRiOEw7davI0/lk3kPgAJPI8tFzrUE29HJe2rcd58FCSQ_VhV4cDtQVs),Approved,Tommy Heimrich
"May 9, 2026",123Thor — Regular & Reverse Grass Coed 4s,Grass,Coed Quads,Open,Hendersonville,Tennessee,Hendersonville Memorial Park,"151 E Main Street, Hendersonville, Tennessee 37075",$40.00,,Valhalla Volley,valhallavolley@gmail.com,https://www.facebook.com/events/,,"Two divisions: Regular Coed 4s (men's net) and Reverse Coed 4s (women's net). At least 1 female required in Regular; at least 1 male required in Reverse. $160/team ($40/player). Registration via Venmo to Timothy Spurgeon Carlson. Pool play followed by single elimination. Semis & finals are match play 21-21-15. 8:15am arrival, 8:30am meeting & prayer, 9:00am serves.",37075,Valhalla Volleyball.jpg (https://v5.airtableusercontent.com/v3/u/57/57/1790064000000/Y0a9KRGmHEMfZzlWaSl4ig/prPwV97KZ540D5LI3DckMMCSZE16ftI0GydFYTDK6T6k_YBGGl0FMPfkeh9fR9aFWwUEnKJ0qTCoE7itf2pUp9m9vPIoFpbSkFORx6mPS4DTwKIyV99D6oAQg0i9qnqcEFp3-fBD1Fj1XFFJUgb-mpy9QCPCXDMqrGn9hEFOnok/coyuAY-bQIOsmzja8SaLdfk-qzO3SlFJD4C3_LbFEtk),Approved,Tommy Heimrich
"May 9, 2026",Cin-City Volleyball - AVP Open Doubles,Beach,"Men's Doubles,Women's Doubles",Open,Loveland,Ohio,Grand Sands Volleyball,"10750 Loveland-Madeira Rd, Loveland, Ohio 45140",$60.00,,Cin-City Volleyball,play@cincityvolleyball.com,https://cincity.volleyballlife.com/events,,AVP America Silver Membership or higher required. 8:00am start.,45140,Cin-City Volleyball.png (https://v5.airtableusercontent.com/v3/u/57/57/1790064000000/yioY5_Ja1GxxHG0g2w6XcA/GOcCqVngb1dvC4DJAov67qTDAM0RmxPXbNsveYPxXmrr6towriXbIyBCAtRzwxcQVVTIIpwOzy3aFjFaRKKfy38ViYiqNACGXImeNqSZxGpiDBaG1ZnC4-Tw4cYExSyGrElkyeNcw-IDatwfsOfKPtE1LxzkJxicPjeN4gga6oc/1K1S_14HFj4x1dOi-M6XLU9U2qcRXJ0GjHYdpsgC1HY),Approved,Tommy Heimrich
"May 15, 2026",SSOVA Costa Rica Vacation,Beach,Beach Volleyball Vacation/Mixer,,Costa Rica,Florida,Samara Beach,"Samara, Costa Rica",$299.00,5/13/2026,SSOVA,director@ssova.com,https://www.ssova.com/,Vacation Experience,3 nights of volleyball activities with lights. Round trip shuttle included.,,SSOVA.png (https://v5.airtableusercontent.com/v3/u/57/57/1790064000000/B5yvYLzH0wK08O2etuBnYg/-DiXtGw9BmxyK95C6cEppJjp4H_WHJq2SFhbnuwnr7mu8sA4c-whFb3wo4HLutM9oWhGcj-XlUx6qmT2EPqv-6t57MFo9GnIfKL58mH9Qk8Hziry1NYEMfqkIktqFTG4FmVpKaEfvsI9wL9yy9hv0w/Ahr0kBqxrGBRlAhbJrPs-hmA5XxgdXMA6XehqF1nLSg),,Tommy Heimrich
"May 16, 2026",2026 Players Beach Series #1 - Season Opener,Beach,"Men's Doubles,Women's Doubles,Coed Doubles,Men's Quads,Coed Quads","Open,A,BB,B,Recreational",Chicago,Illinois,North Avenue Beach,"1600 N. Jean-Baptiste Pointe DuSable Lake Shore Drive, Chicago, IL 60611",$60.00,5/14/2026,Chicago Players Sports & Social Group,play@playerssports.net,https://www.playerssports.net/league/96088/details,N/A,Rate goes up by $20/team if registered after 5/10,60614,"""Players Sport & Social Group - Chicago, IL.jpg (https://v5.airtableusercontent.com/v3/u/57/57/1790064000000/mWxE35quQC3x-9MPEhhw9w/V6FtbovUCQcgU98v9xD1xPUXtb29gxCmKX6iTJm1Ut0RC8FcrljSrsumhrjrRAV0Q1kS-M4QAFyfnbX-Kh2WEGT95jZXmQbHonmWoRsYbfjYzrijU_sySQc_7hQgf2iBUNm6bbtNxewIjeIlkPH8y5DkYuoy_xp3MRSB1BoYh-KY2OooL5Pf8fFmvVTuWPyg/J-Sbapgy6nzHLPmA8xP90IsOFz6LWgO16chhGNv8ZCs)""",Approved,Dane Schweinzger
"May 16, 2026",Bluegrass Battle,Grass,"Men's Trips,Women's Quads,Coed Sixes","A,BB,B,C",Lexington,Kentucky,Southland Park,"625 Hill N Dale RdLexington, KY 40503",$40.00,5/8/2026,Bluegrass Blaze,bluegrassblazevball@gmail.com,https://www.facebook.com/share/1PN25eDjxS/?mibextid=wwXIfr,Cash Prizes & Sponsor Merch,,40503,Bluegrass Blaze Volleyball.jpeg (https://v5.airtableusercontent.com/v3/u/57/57/1790064000000/vG61UwlOEHs-raGQclsYZw/IbSOT-Qg3aYNuLSxOz7-VlYqEMELipQh9GhTELB8ObaSMOaHFGuQ78pM-W1cL46oZGXc_QwTdaks0mVs_UUO8JE4cB3WaaTMvx2O3RXeDPtPW9MlO1rBCuxvCyAuV9yuThMhw5SAYsmRVwSsSqpBMdCVUqkAneZ9NJ9sng9-mn4EfLF3HLimv8KVh4J7qkGN/FtNNQMgWXQgDrtL0C9_3g0gJm3VeMAVbrHiHWn5WPR8),,Anonymous
"May 16, 2026",Mayhem  - ADV,Grass,Reverse Coed Quads,"Open,A,BB",Doraville,Georgia,Honeysuckle Park,"3037 Pleasant Valley Dr., Doraville, GA 30340",,,Angry Dragon Volleyball,angrydragon@angrydragonvolleyball.com,https://www.angrydragonvolleyball.com/tournaments/mayhem26,Yes,Cash in Open (based on FAQ),30340,Angry Dragon Volleyball.jpg (https://v5.airtableusercontent.com/v3/u/57/57/1790064000000/fsMg9Hv4HEr4Y_5oC0VC0Q/jlljJubPe0rzzWnShEBt2qhq8iRjJFIQaClsglNizmuivMPWIO7XABdyj4ZpJzOfEqaU3ZL2AySn5dzUokG9oKyXJqRSwsYG66kqpumjGLrWCX7awcUu0oZ7VdidpvlSzXyzC809UqnSA8gllUfNtC-JgFkNxvODqqxXKBAuGoY/pgYuW4tHovKxvhm3JySY3BkBh0F5kiYdu-IMAUmJL6I),Approved,Tommy Heimrich
"May 16, 2026",New Hands BYOP Coed Quads,Beach,Coed Quads,Open,Loveland,Ohio,Grand Sands Volleyball,"10750 Loveland-Madeira Rd, Loveland, Ohio 45140",$60.00,,Cin-City Volleyball,play@cincityvolleyball.com,https://cincityvolleyball.com/tournament-registration,,BYOP = Bring Your Own Partner. 3:30pm start.,45140,Cin-City Volleyball.png (https://v5.airtableusercontent.com/v3/u/57/57/1790064000000/yioY5_Ja1GxxHG0g2w6XcA/GOcCqVngb1dvC4DJAov67qTDAM0RmxPXbNsveYPxXmrr6towriXbIyBCAtRzwxcQVVTIIpwOzy3aFjFaRKKfy38ViYiqNACGXImeNqSZxGpiDBaG1ZnC4-Tw4cYExSyGrElkyeNcw-IDatwfsOfKPtE1LxzkJxicPjeN4gga6oc/1K1S_14HFj4x1dOi-M6XLU9U2qcRXJ0GjHYdpsgC1HY),Approved,Tommy Heimrich
"May 17, 2026",Bluegrass Battle,Grass,Coed Quads,"A,B,C",Lexington,Kentucky,Southland Park,"625 Hill N Dale RdLexington, KY 40503",$40.00,5/8/2026,Bluegrass Blaze,bluegrassblazevball@gmail.com,https://www.facebook.com/share/1PN25eDjxS/?mibextid=wwXIfr,Cash Prizes & Sponsor Merch,,40503,Bluegrass Blaze Volleyball.jpeg (https://v5.airtableusercontent.com/v3/u/57/57/1790064000000/vG61UwlOEHs-raGQclsYZw/IbSOT-Qg3aYNuLSxOz7-VlYqEMELipQh9GhTELB8ObaSMOaHFGuQ78pM-W1cL46oZGXc_QwTdaks0mVs_UUO8JE4cB3WaaTMvx2O3RXeDPtPW9MlO1rBCuxvCyAuV9yuThMhw5SAYsmRVwSsSqpBMdCVUqkAneZ9NJ9sng9-mn4EfLF3HLimv8KVh4J7qkGN/FtNNQMgWXQgDrtL0C9_3g0gJm3VeMAVbrHiHWn5WPR8),,Tommy Heimrich
"May 17, 2026",M/W Grass Trips - 100% Payout - $1k minimum payout per division,Grass,"Women's Trips,Men's Trips","Open,AA,A",Nashville,Tennessee,TBD,TBD,$40.00,5/16/2026,Sean Fallon,seanfallon77@gmail.com,https://www.facebook.com/events/1668786274304795/?acontext=%7B%22event_action_history%22%3A[%7B%22mechanism%22%3A%22calendar_tab_event%22%2C%22surface%22%3A%22bookmark_calendar%22%7D]%2C%22ref_notif_type%22%3Anull%7D,100% of net after field/gear rental,,37207,,,Anonymous
"May 17, 2026",RIBS Coed 4v4 Grass Volleyball Tournament Benefiting Le Bonheur Children's Hospital,Grass,Coed Quads,"Open,A,B",Memphis,Tennessee,Mike Rose Soccer Complex,"9000 E Shelby Dr, Memphis, Tennessee 38125",,5/14/2026,901 Volleyball,901volleyball@gmail.com,https://901volleyball.volleyballlife.com/event/36035?tab=information,,Benefit tournament for Le Bonheur Children's Hospital Neuroscience Institute & NICU. At least 2 ladies on court at all times. 5 players max per team. All players must play both days. Merchandise and sponsor prizes awarded to all divisions. No cash prizes.,38125,Screenshot 2026-03-29 at 20.32.47.png (https://v5.airtableusercontent.com/v3/u/57/57/1790064000000/xLOLIZ82-RQfQERhnu104Q/1USR_uS4m6XowEUBNjekXCZDSP3AuSClwVrrKgF1DK5unCfdz12GRXZ7QmvYXq-qFbKdfxC0sr5Hg8GWPAJsv1aUmlGG5J63QNQ925_73pF0DxCWD7r5eqF2cUItz-3jco1otm2EJdyMZPcimH1lQrwc3_4AhWHYAOab2EPzUQOepHDACcf8hmhCsJtG38X7/EJM-fbFhjncBHYjO-yVvdJXLyxnh6WjvuJIy_K6MbwY),Approved,Tommy Heimrich
"May 23, 2026",AVPA ADULT King and Queen of the Court,Beach,King & Queen Of The Beach,"AA,BB",Spring Hill,Tennessee,Hyden Beach,"5191 Joe Peay Rd, Spring Hill, Tennessee 37174",,,Hyden Beach,hydenbeach@gmail.com,https://hydenbeach.com/,Prizes for top finishers,Adult divisions only.,37174,Hyden Beach Volleyball.png (https://v5.airtableusercontent.com/v3/u/57/57/1790064000000/PyXdelqZYOOd3ipuoCWIYg/7mx1u0SrvV1CLBUx9ib8Mc6ak5S2_lVJD2zVyFmyxATKp1lfEDqbnj_5-H9BJlYWYGNOizjpN6GzWO6KrqXLoBt-oJtVdb3mTCxKMojZd3zW_LEd_uHzWqMo8Y0sN_hirs4WPeHnjoAJduJQUgYxFDeg0V1j2bAJRiOEw7davI0/lk3kPgAJPI8tFzrUE29HJe2rcd58FCSQ_VhV4cDtQVs),Approved,Tommy Heimrich
"May 23, 2026",Smashville,Grass,"Men's Trips,Women's Trips","Open,A,B",Hendersonville,Tennessee,Drakes Creek Park,"120 E Main St, Hendersonville, TN 37075, USA",$150.00,5/15/2026,Out of System,smashvillevb@gmail.com,https://smashville.volleyballlife.com/event/35002?tab=information,,,,Nashville Skyline.webp (https://v5.airtableusercontent.com/v3/u/57/57/1790064000000/AJ_J-1bAqALyaIXGnS361A/WlZvxsJBtD5cuKj72BLCePFTnzqaA7gtOhZDgNW5oCx8yPWO6OFflrdWKHozcMLUgGkdLGH7Qua_7k3grXOwG8-NZBkaOceiDmHypPfDii5KfhkTAyyDgKywgKH2wIxKPG_pH_y6rR5aL20b56i41WN_Nnk0flgpmmd6FEtodJk/TSYI86vEkGpLQUiGwE93Zq6bY5TdH-LJifgQA2bxhAk),Approved,Tommy Heimrich
"May 23, 2026",SSOVA Beach Series - Anna Maria Island,Beach,"Men's Doubles,Women's Doubles","Open,AAA,AA,A,BB,B",Anna Maria Island,Florida,Coquina Beach,"2650 Gulf Dr S, Bradenton Beach, Florida 34217",$75.00,5/21/2026,SSOVA,director@ssova.com,https://www.ssova.com/,Cash for Open; Prizes for AAA-B,"Open check-in 7-7:15am, Start 7:30am. AAA-B check-in 7-7:30am, Start 8am. AVP Silver required.",34217,SSOVA.png (https://v5.airtableusercontent.com/v3/u/57/57/1790064000000/B5yvYLzH0wK08O2etuBnYg/-DiXtGw9BmxyK95C6cEppJjp4H_WHJq2SFhbnuwnr7mu8sA4c-whFb3wo4HLutM9oWhGcj-XlUx6qmT2EPqv-6t57MFo9GnIfKL58mH9Qk8Hziry1NYEMfqkIktqFTG4FmVpKaEfvsI9wL9yy9hv0w/Ahr0kBqxrGBRlAhbJrPs-hmA5XxgdXMA6XehqF1nLSg),,Tommy Heimrich
"May 24, 2026",Smashville,Grass,"Men's Doubles,Women's Doubles,Coed Quads","A,BB,B",Hendersonville,Tennessee,Deer Creek Park,"120 E Main St, Hendersonville, TN 37075, USA",$50.00,5/15/2026,Out of System,smashvillevb@gmail.com,https://smashville.volleyballlife.com/event/35002?tab=information,,,,Nashville Skyline.webp (https://v5.airtableusercontent.com/v3/u/57/57/1790064000000/AJ_J-1bAqALyaIXGnS361A/WlZvxsJBtD5cuKj72BLCePFTnzqaA7gtOhZDgNW5oCx8yPWO6OFflrdWKHozcMLUgGkdLGH7Qua_7k3grXOwG8-NZBkaOceiDmHypPfDii5KfhkTAyyDgKywgKH2wIxKPG_pH_y6rR5aL20b56i41WN_Nnk0flgpmmd6FEtodJk/TSYI86vEkGpLQUiGwE93Zq6bY5TdH-LJifgQA2bxhAk),Approved,Tommy Heimrich
"May 24, 2026",SSOVA Beach Series - Anna Maria Island,Beach,Coed Doubles,"AA,A,BB,B",Anna Maria Island,Florida,Coquina Beach,"2650 Gulf Dr S, Bradenton Beach, Florida 34217",$42.50,5/22/2026,SSOVA,director@ssova.com,https://www.ssova.com/,Prizes & AVP Points,"Coed check-in 7-7:30am, Start 8am. AVP Silver required.",34217,SSOVA.png (https://v5.airtableusercontent.com/v3/u/57/57/1790064000000/B5yvYLzH0wK08O2etuBnYg/-DiXtGw9BmxyK95C6cEppJjp4H_WHJq2SFhbnuwnr7mu8sA4c-whFb3wo4HLutM9oWhGcj-XlUx6qmT2EPqv-6t57MFo9GnIfKL58mH9Qk8Hziry1NYEMfqkIktqFTG4FmVpKaEfvsI9wL9yy9hv0w/Ahr0kBqxrGBRlAhbJrPs-hmA5XxgdXMA6XehqF1nLSg),,Tommy Heimrich
"May 25, 2026",2026 Players Grass Series #3 - May Madness,Grass,"Men's Trips,Women's Trips,Coed Quads","AA,A,BB,B,Recreational",Chicago,Illinois,Montrose Grove,"601 W Montrose Ave Chicago, IL 60613",$105.00,5/23/2026,Chicago Players Sports & Social Group,play@playerssports.net,https://www.playerssports.net/league/96244/details,N/A,Rate goes up by $5/person if registered after 5/19,60640,"""Players Sport & Social Group - Chicago, IL.jpg (https://v5.airtableusercontent.com/v3/u/57/57/1790064000000/mWxE35quQC3x-9MPEhhw9w/V6FtbovUCQcgU98v9xD1xPUXtb29gxCmKX6iTJm1Ut0RC8FcrljSrsumhrjrRAV0Q1kS-M4QAFyfnbX-Kh2WEGT95jZXmQbHonmWoRsYbfjYzrijU_sySQc_7hQgf2iBUNm6bbtNxewIjeIlkPH8y5DkYuoy_xp3MRSB1BoYh-KY2OooL5Pf8fFmvVTuWPyg/J-Sbapgy6nzHLPmA8xP90IsOFz6LWgO16chhGNv8ZCs)""",Approved,Anonymous
"May 26, 2026",Sugarfire Spring League @ Dardenne Prarie,Beach,Coed Sixes,Recreational,Dardenne Prairie,Missouri,Sugarfire - Dardenne Prairie,"1541 Bryan Rd, Dardenne Prairie, MO 63366",$250.00,5/24/2026,Sugarfire - Dardenne Prairie,mmartin0325@gmail.com,https://sugarfirevolleyball.com/home,T-Shirts,"5 weeks of double headers + playoffs.

Games @ 5:50, 6:40, 7:30, 8:20, 9:10",63366,,Approved,Tommy Heimrich
"May 30, 2026",2026 Players Beach Series #2,Beach,"Men's Doubles,Women's Doubles,Coed Doubles,Men's Quads,Coed Quads","Open,A,BB,B,Recreational",Chicago,Illinois,North Avenue Beach,"1600 N. Jean-Baptiste Pointe DuSable Lake Shore Drive, Chicago, IL 60611",$60.00,5/27/2026,Chicago Players Sports & Social Group,play@playerssports.net,https://www.playerssports.net/league/96243/details,N/A,Rate goes up by $20/team if registered after 5/24,60614,"""Players Sport & Social Group - Chicago, IL.jpg (https://v5.airtableusercontent.com/v3/u/57/57/1790064000000/mWxE35quQC3x-9MPEhhw9w/V6FtbovUCQcgU98v9xD1xPUXtb29gxCmKX6iTJm1Ut0RC8FcrljSrsumhrjrRAV0Q1kS-M4QAFyfnbX-Kh2WEGT95jZXmQbHonmWoRsYbfjYzrijU_sySQc_7hQgf2iBUNm6bbtNxewIjeIlkPH8y5DkYuoy_xp3MRSB1BoYh-KY2OooL5Pf8fFmvVTuWPyg/J-Sbapgy6nzHLPmA8xP90IsOFz6LWgO16chhGNv8ZCs)""",Approved,Dane Schweinzger
"May 30, 2026",Memphis Italianfest Volleyball Classic Benefiting Holy Rosary Parish School,Grass,Men's Quads,"Open,A,B",Memphis,Tennessee,Holy Rosary Catholic Church,"4851 Park Ave, Memphis, Tennessee 38117",,5/27/2026,901 Volleyball,901volleyball@gmail.com,https://901volleyball.volleyballlife.com/event/36028?tab=information,,Benefit tournament for Holy Rosary Parish School. 5 players max per team. All players receive festival entry. Merchandise and sponsor prizes awarded to all divisions. No cash prizes.,38117,Screenshot 2026-03-29 at 20.32.47.png (https://v5.airtableusercontent.com/v3/u/57/57/1790064000000/xLOLIZ82-RQfQERhnu104Q/1USR_uS4m6XowEUBNjekXCZDSP3AuSClwVrrKgF1DK5unCfdz12GRXZ7QmvYXq-qFbKdfxC0sr5Hg8GWPAJsv1aUmlGG5J63QNQ925_73pF0DxCWD7r5eqF2cUItz-3jco1otm2EJdyMZPcimH1lQrwc3_4AhWHYAOab2EPzUQOepHDACcf8hmhCsJtG38X7/EJM-fbFhjncBHYjO-yVvdJXLyxnh6WjvuJIy_K6MbwY),Approved,Tommy Heimrich
"June 6, 2026",2026 Players Beach Series #3,Beach,"Men's Doubles,Women's Doubles,Coed Doubles,Men's Quads,Coed Quads","Open,A,BB,B,Recreational",Chicago,Illinois,North Avenue Beach,"1600 N. Jean-Baptiste Pointe DuSable Lake Shore Drive, Chicago, IL 60611",$60.00,6/3/2026,Chicago Players Sports & Social Group,play@playerssports.net,https://www.playerssports.net/league/96244/details,N/A,Rate goes up by $20/team if registered after 5/31,60614,"""Players Sport & Social Group - Chicago, IL.jpg (https://v5.airtableusercontent.com/v3/u/57/57/1790064000000/mWxE35quQC3x-9MPEhhw9w/V6FtbovUCQcgU98v9xD1xPUXtb29gxCmKX6iTJm1Ut0RC8FcrljSrsumhrjrRAV0Q1kS-M4QAFyfnbX-Kh2WEGT95jZXmQbHonmWoRsYbfjYzrijU_sySQc_7hQgf2iBUNm6bbtNxewIjeIlkPH8y5DkYuoy_xp3MRSB1BoYh-KY2OooL5Pf8fFmvVTuWPyg/J-Sbapgy6nzHLPmA8xP90IsOFz6LWgO16chhGNv8ZCs)""",Approved,Dane Schweinzger
"June 6, 2026",SSOVA Beach Series - Clearwater Beach,Beach,"Men's Doubles,Women's Doubles","Open,AAA,AA,A,BB,B",Clearwater Beach,Florida,Pier 60,"7000 Gulf Blvd, Clearwater Beach, Florida 33767",$75.00,6/4/2026,SSOVA,director@ssova.com,https://www.ssova.com/,Cash for Open; Prizes for AAA-B,"Open check-in 7-7:15am, Start 7:30am. AAA-B check-in 7-7:30am, Start 8am. AVP Silver required.",33767,SSOVA.png (https://v5.airtableusercontent.com/v3/u/57/57/1790064000000/B5yvYLzH0wK08O2etuBnYg/-DiXtGw9BmxyK95C6cEppJjp4H_WHJq2SFhbnuwnr7mu8sA4c-whFb3wo4HLutM9oWhGcj-XlUx6qmT2EPqv-6t57MFo9GnIfKL58mH9Qk8Hziry1NYEMfqkIktqFTG4FmVpKaEfvsI9wL9yy9hv0w/Ahr0kBqxrGBRlAhbJrPs-hmA5XxgdXMA6XehqF1nLSg),,Tommy Heimrich
"June 7, 2026",2026 Players Grass Series #4 - Grasshopper Tourney,Grass,"Men's Trips,Women's Trips,Coed Quads","AA,A,BB,B,Recreational",Chicago,Illinois,Montrose Cricket Hill,"601 W Montrose Ave Chicago, IL 60613",$105.00,6/4/2026,Chicago Players Sports & Social Group,play@playerssports.net,https://www.playerssports.net/league/96277/details,N/A,"Rate goes up by $5/person if registered after 5/31
",60640,"""Players Sport & Social Group - Chicago, IL.jpg (https://v5.airtableusercontent.com/v3/u/57/57/1790064000000/mWxE35quQC3x-9MPEhhw9w/V6FtbovUCQcgU98v9xD1xPUXtb29gxCmKX6iTJm1Ut0RC8FcrljSrsumhrjrRAV0Q1kS-M4QAFyfnbX-Kh2WEGT95jZXmQbHonmWoRsYbfjYzrijU_sySQc_7hQgf2iBUNm6bbtNxewIjeIlkPH8y5DkYuoy_xp3MRSB1BoYh-KY2OooL5Pf8fFmvVTuWPyg/J-Sbapgy6nzHLPmA8xP90IsOFz6LWgO16chhGNv8ZCs)""",Approved,Anonymous
"June 7, 2026",SSOVA Beach Series - Clearwater Beach,Beach,Coed Doubles,"AA,A,BB,B",Clearwater Beach,Florida,Pier 60,"7000 Gulf Blvd, Clearwater Beach, Florida 33767",$42.50,6/5/2026,SSOVA,director@ssova.com,https://www.ssova.com/,Prizes & AVP Points,"Coed check-in 7-7:30am, Start 8am. AVP Silver required.",33767,SSOVA.png (https://v5.airtableusercontent.com/v3/u/57/57/1790064000000/B5yvYLzH0wK08O2etuBnYg/-DiXtGw9BmxyK95C6cEppJjp4H_WHJq2SFhbnuwnr7mu8sA4c-whFb3wo4HLutM9oWhGcj-XlUx6qmT2EPqv-6t57MFo9GnIfKL58mH9Qk8Hziry1NYEMfqkIktqFTG4FmVpKaEfvsI9wL9yy9hv0w/Ahr0kBqxrGBRlAhbJrPs-hmA5XxgdXMA6XehqF1nLSg),,Tommy Heimrich
"June 12, 2026",'UTL' AVPA COED Doubles,Beach,Coed Doubles,"A,BB",Spring Hill,Tennessee,Hyden Beach,"5191 Joe Peay Rd, Spring Hill, Tennessee 37174",,,Hyden Beach,hydenbeach@gmail.com,https://hydenbeach.com/,Prizes for top finishers,Friday event.,37174,Hyden Beach Volleyball.png (https://v5.airtableusercontent.com/v3/u/57/57/1790064000000/PyXdelqZYOOd3ipuoCWIYg/7mx1u0SrvV1CLBUx9ib8Mc6ak5S2_lVJD2zVyFmyxATKp1lfEDqbnj_5-H9BJlYWYGNOizjpN6GzWO6KrqXLoBt-oJtVdb3mTCxKMojZd3zW_LEd_uHzWqMo8Y0sN_hirs4WPeHnjoAJduJQUgYxFDeg0V1j2bAJRiOEw7davI0/lk3kPgAJPI8tFzrUE29HJe2rcd58FCSQ_VhV4cDtQVs),Approved,Tommy Heimrich
"June 12, 2026",MSOE The Raiders Open,Turf,Coed Quads,"AA,BB",Milwaukee ,Wisconsin,MSOE Viets Field ,"1305 N Broadway, Milwaukee, WI 53202",$30.00,6/12/2026,Coach Shane Reid,reid@msoe.edu,https://msoeraiders.com/sports/2023/3/17/volleyball-grass-tournament.aspx,Prizes for 1st - 3rd place,,53202,image.png (https://v5.airtableusercontent.com/v3/u/57/57/1790064000000/E1EbRe-Fs6asDb3aQ2heeg/gt8uGZjq4spGLSIttUfNVOyZx0cj_u_bxdWMvKjoA3pwH6eMsaEjNhycd_kC2xbX89qKe4fw1l6mnbhrqkM2WhAXpepgaTopNSDLBRLi58RfbEetoHpVRYf_WM8NqjogUFR6klKRSBexE2OPuf2n2A/ZYmQXhYPSBLq9Uw4_UpbhNd9a7ZQmenGsOYEy-f9A28),Approved,Anonymous
"June 13, 2026",Cin-City Volleyball - AVP A/B Doubles,Beach,"Men's Doubles,Women's Doubles","A,BB",Loveland,Ohio,Grand Sands Volleyball,"10750 Loveland-Madeira Rd, Loveland, Ohio 45140",$60.00,,Cin-City Volleyball,play@cincityvolleyball.com,https://cincity.volleyballlife.com/events,,AVP America Silver Membership or higher required. 8:00am start.,45140,Cin-City Volleyball.png (https://v5.airtableusercontent.com/v3/u/57/57/1790064000000/yioY5_Ja1GxxHG0g2w6XcA/GOcCqVngb1dvC4DJAov67qTDAM0RmxPXbNsveYPxXmrr6towriXbIyBCAtRzwxcQVVTIIpwOzy3aFjFaRKKfy38ViYiqNACGXImeNqSZxGpiDBaG1ZnC4-Tw4cYExSyGrElkyeNcw-IDatwfsOfKPtE1LxzkJxicPjeN4gga6oc/1K1S_14HFj4x1dOi-M6XLU9U2qcRXJ0GjHYdpsgC1HY),Approved,Tommy Heimrich
"June 13, 2026",DragonSlayer  - ADV,Grass,"Men's Doubles,Women's Doubles","Open,A,BB",Doraville,Georgia,Honeysuckle Park,"3037 Pleasant Valley Dr., Doraville, GA 30340",,,Angry Dragon Volleyball,angrydragon@angrydragonvolleyball.com,https://www.angrydragonvolleyball.com/tournaments/dragonslayer-saturday26,Yes,Cash in Open (based on FAQ),30340,Angry Dragon Volleyball.jpg (https://v5.airtableusercontent.com/v3/u/57/57/1790064000000/fsMg9Hv4HEr4Y_5oC0VC0Q/jlljJubPe0rzzWnShEBt2qhq8iRjJFIQaClsglNizmuivMPWIO7XABdyj4ZpJzOfEqaU3ZL2AySn5dzUokG9oKyXJqRSwsYG66kqpumjGLrWCX7awcUu0oZ7VdidpvlSzXyzC809UqnSA8gllUfNtC-JgFkNxvODqqxXKBAuGoY/pgYuW4tHovKxvhm3JySY3BkBh0F5kiYdu-IMAUmJL6I),Approved,Tommy Heimrich
"June 13, 2026",MSOE The Raiders Open,Turf,"Men's Trips,Women's Trips","AA,BB",Milwaukee ,Wisconsin,MSOE Viets Field,"1305 N Broadway, Milwaukee, Wisconsin 53202",$45.00,6/12/2026,Coach Shane Reid,reid@msoe.edu,https://msoeraiders.com/sports/2023/3/17/volleyball-grass-tournament.aspx,Prizes for 1st - 3rd place,,53202,image.png (https://v5.airtableusercontent.com/v3/u/57/57/1790064000000/F0bbzlQJ2Zv1ITj9XrUPVw/mJ57VbOUDwZqqWSsqy8Vn8yDm5nDje6FnFtnO3aoz8MlLqUjmhVs174S_Xw1xkF8eJ9pEVTCvTaXO8dlShxpfNdq7ChD93QP3pOAY7e_ex7MLyhzW9b2lnTIQ_ROdpYIw0iemJMgs06olMjJBjk8Lw/q3ttngTcIz9v8N9FIIhyxgahp8R5Wm9gpVXdfG0dEKY),Approved,Anonymous
"June 14, 2026",DragonSlayer  - ADV,Grass,Reverse Coed Trips,"Open,A,BB",Doraville,Georgia,Honeysuckle Park,"3037 Pleasant Valley Dr., Doraville, GA 30340",,,Angry Dragon Volleyball,angrydragon@angrydragonvolleyball.com,https://www.angrydragonvolleyball.com/tournaments/dragonslayer-sunday26,Yes,Cash in Open (based on FAQ),30340,Angry Dragon Volleyball.jpg (https://v5.airtableusercontent.com/v3/u/57/57/1790064000000/fsMg9Hv4HEr4Y_5oC0VC0Q/jlljJubPe0rzzWnShEBt2qhq8iRjJFIQaClsglNizmuivMPWIO7XABdyj4ZpJzOfEqaU3ZL2AySn5dzUokG9oKyXJqRSwsYG66kqpumjGLrWCX7awcUu0oZ7VdidpvlSzXyzC809UqnSA8gllUfNtC-JgFkNxvODqqxXKBAuGoY/pgYuW4tHovKxvhm3JySY3BkBh0F5kiYdu-IMAUmJL6I),Approved,Tommy Heimrich
"June 14, 2026",MSOE The Raiders Open,Turf,Reverse Coed Quads,"AA,BB",Milwaukee ,Wisconsin,MSOE Viets Field,"1305 N Broadway, Milwaukee, WI 53202",$30.00,6/13/2026,Coach Shane Reid,reid@msoe.edu,https://msoeraiders.com/sports/2023/3/17/volleyball-grass-tournament.aspx,Prizes for 1st-3rd place,,53202,image.png (https://v5.airtableusercontent.com/v3/u/57/57/1790064000000/v4W_vGJ51oAqEreXJ3sx2Q/sOTICmVRFBrvgF7QgMTzKm6EGKrxDIUgfcqFgB78CEPpI2mw1NK1SM77x9I1C2W0pfAD4i_1IH461ZETO_Y30DI-WXFabEgmyKJL0tX6_ayKJX-uXxR_Q1CrK6ynLfu3zijSBrVINdsTJnn0Xa7G-Q/loIvCoTOEQzTmfzT3jof-QwyqPMJtCjx2Zsm5I2iu_k),Approved,Anonymous
"June 20, 2026",'UTL' AVPA King and Queen of the Court,Beach,King & Queen Of The Beach,"AA,BB",Spring Hill,Tennessee,Hyden Beach,"5191 Joe Peay Rd, Spring Hill, Tennessee 37174",,,Hyden Beach,hydenbeach@gmail.com,https://hydenbeach.com/,Prizes for top finishers,UTL Series event.,37174,Hyden Beach Volleyball.png (https://v5.airtableusercontent.com/v3/u/57/57/1790064000000/PyXdelqZYOOd3ipuoCWIYg/7mx1u0SrvV1CLBUx9ib8Mc6ak5S2_lVJD2zVyFmyxATKp1lfEDqbnj_5-H9BJlYWYGNOizjpN6GzWO6KrqXLoBt-oJtVdb3mTCxKMojZd3zW_LEd_uHzWqMo8Y0sN_hirs4WPeHnjoAJduJQUgYxFDeg0V1j2bAJRiOEw7davI0/lk3kPgAJPI8tFzrUE29HJe2rcd58FCSQ_VhV4cDtQVs),Approved,Tommy Heimrich
"June 20, 2026",2026 Players Grass Series #5 - Lakefront Showdown,Grass,"Men's Trips,Women's Trips,Coed Quads","AA,A,BB,B,Recreational",Chicago,Illinois,Montrose Grove,"601 W Montrose Ave Chicago, IL 60613",$105.00,6/20/2026,Chicago Players Sports & Social Group,Play@playerssports.net,https://www.playerssports.net/league/96276/details,N/A,Rate goes up by $5/person if registered after 6/14,60640,"""Players Sport & Social Group - Chicago, IL.jpg (https://v5.airtableusercontent.com/v3/u/57/57/1790064000000/mWxE35quQC3x-9MPEhhw9w/V6FtbovUCQcgU98v9xD1xPUXtb29gxCmKX6iTJm1Ut0RC8FcrljSrsumhrjrRAV0Q1kS-M4QAFyfnbX-Kh2WEGT95jZXmQbHonmWoRsYbfjYzrijU_sySQc_7hQgf2iBUNm6bbtNxewIjeIlkPH8y5DkYuoy_xp3MRSB1BoYh-KY2OooL5Pf8fFmvVTuWPyg/J-Sbapgy6nzHLPmA8xP90IsOFz6LWgO16chhGNv8ZCs)""",Approved,Anonymous
"June 20, 2026",Chucktown Volleyball - Coastal Clash,Grass,"Men's Trips,Women's Trips","Open,A,B",Summerville,South Carolina,Gahagan Park,"184 W Boundary St, Summerville, SC 29485, USA",$40.00,,Chucktown Volleyball,Chucktownvolleyball@gmail.com,https://chucktown.volleyballlife.com/events,,Coastal Clash,29485,Screenshot 2026-03-29 at 17.29.27.png (https://v5.airtableusercontent.com/v3/u/57/57/1790064000000/qeZ1iTl0TlSzC7sYHUsOTQ/OJ7rn-7Oi0415jyUcauVJ2bQ5Fzj6_Wmjbb0OcX7T8XsyLUAlfhyyMeKI_b5xohwBuCxw3Ff9ap7_ipfJtivaNfhFFXim2jpc3f3odAmEJprc5CNACA-IWdnR1RqlzOpwy2Ct7rWQn3vDVVQ2mYnPmumaFZB3mQO9qubO3MdnoKkZL0kvY5CnYjAAthJWg32/dTYn40d7RlWxNaXNKYHUwvgr57HY6l2JVBXCpOYxzuo),Approved,Tommy Heimrich
"June 20, 2026",Coed Quads Lottery,Beach,Coed Quads,Open,Loveland,Ohio,Grand Sands Volleyball,"10750 Loveland-Madeira Rd, Loveland, Ohio 45140",$60.00,,Cin-City Volleyball,play@cincityvolleyball.com,https://cincityvolleyball.com/tournament-registration,,Lottery format registration. 3:30pm start.,45140,Cin-City Volleyball.png (https://v5.airtableusercontent.com/v3/u/57/57/1790064000000/yioY5_Ja1GxxHG0g2w6XcA/GOcCqVngb1dvC4DJAov67qTDAM0RmxPXbNsveYPxXmrr6towriXbIyBCAtRzwxcQVVTIIpwOzy3aFjFaRKKfy38ViYiqNACGXImeNqSZxGpiDBaG1ZnC4-Tw4cYExSyGrElkyeNcw-IDatwfsOfKPtE1LxzkJxicPjeN4gga6oc/1K1S_14HFj4x1dOi-M6XLU9U2qcRXJ0GjHYdpsgC1HY),Approved,Tommy Heimrich
"June 20, 2026",SSOVA Beach Series - Siesta Key,Beach,"Men's Doubles,Women's Doubles","Open,AAA,AA,A,BB,B",Siesta Key,Florida,Siesta Beach,"948 Beach Rd, Sarasota, Florida 34242",$75.00,6/18/2026,SSOVA,director@ssova.com,https://www.ssova.com/,Cash for Open; Prizes for AAA-B,"Open check-in 7-7:15am, Start 7:30am. AAA-B check-in 7-7:30am, Start 8am. AVP Silver required.",34242,SSOVA.png (https://v5.airtableusercontent.com/v3/u/57/57/1790064000000/B5yvYLzH0wK08O2etuBnYg/-DiXtGw9BmxyK95C6cEppJjp4H_WHJq2SFhbnuwnr7mu8sA4c-whFb3wo4HLutM9oWhGcj-XlUx6qmT2EPqv-6t57MFo9GnIfKL58mH9Qk8Hziry1NYEMfqkIktqFTG4FmVpKaEfvsI9wL9yy9hv0w/Ahr0kBqxrGBRlAhbJrPs-hmA5XxgdXMA6XehqF1nLSg),,Tommy Heimrich
"June 21, 2026",Chucktown Volleyball - Coastal Clash,Grass,Reverse Coed Trips,"Open,A,B",Summerville,South Carolina,Gahagan Park,"184 W Boundary St, Summerville, SC 29485, USA",$40.00,,Chucktown Volleyball,Chucktownvolleyball@gmail.com,https://chucktown.volleyballlife.com/events,,Coastal Clash,29485,Screenshot 2026-03-29 at 17.29.27.png (https://v5.airtableusercontent.com/v3/u/57/57/1790064000000/qeZ1iTl0TlSzC7sYHUsOTQ/OJ7rn-7Oi0415jyUcauVJ2bQ5Fzj6_Wmjbb0OcX7T8XsyLUAlfhyyMeKI_b5xohwBuCxw3Ff9ap7_ipfJtivaNfhFFXim2jpc3f3odAmEJprc5CNACA-IWdnR1RqlzOpwy2Ct7rWQn3vDVVQ2mYnPmumaFZB3mQO9qubO3MdnoKkZL0kvY5CnYjAAthJWg32/dTYn40d7RlWxNaXNKYHUwvgr57HY6l2JVBXCpOYxzuo),Approved,Tommy Heimrich
"June 21, 2026",SSOVA Beach Series - Siesta Key,Beach,Coed Doubles,"AA,A,BB,B",Siesta Key,Florida,Siesta Beach,"948 Beach Rd, Sarasota, Florida 34242",$42.50,6/19/2026,SSOVA,director@ssova.com,https://www.ssova.com/,Prizes & AVP Points,"Coed check-in 7-7:30am, Start 8am. AVP Silver required.",34242,SSOVA.png (https://v5.airtableusercontent.com/v3/u/57/57/1790064000000/B5yvYLzH0wK08O2etuBnYg/-DiXtGw9BmxyK95C6cEppJjp4H_WHJq2SFhbnuwnr7mu8sA4c-whFb3wo4HLutM9oWhGcj-XlUx6qmT2EPqv-6t57MFo9GnIfKL58mH9Qk8Hziry1NYEMfqkIktqFTG4FmVpKaEfvsI9wL9yy9hv0w/Ahr0kBqxrGBRlAhbJrPs-hmA5XxgdXMA6XehqF1nLSg),,Tommy Heimrich
"June 26, 2026",Pottstown Rumble,Grass,"Men's Trips,Women's Trips","AA,A,BB,B",Pottstown,Pennsylvania,Pottstown Memorial Park,"75 West King Street, Pottstown, PA  19464",$165.00,,Pottstown Rumble,questions@pottstownrumble.com,https://www.pottstownrumble.com/registration,,,,Screenshot 2026-03-29 at 17.06.01.png (https://v5.airtableusercontent.com/v3/u/57/57/1790064000000/4_bBCu7EZAchqYnfQ2Qxyg/okcIeER_Mpr4gjdO3l9PRov9M3VyI76Ep_WVXsb69eQVzO7ntplRv6zTamxhYaH9hx-SK0fTeSb9_CVwZW15N5UPu1PQNnhNQplPIzBjnjvjt_D18-BYfjAEwU5YU_u2OjR_t3poC3JRfFnKsSXViK6DEGq5xgntmsEQPqLqaXFS256qJijOoNzsvj8zDTSb/_u2oZDsBl-ipoHzEd6WcdFfUOF7L1syj4gjzwA33_EQ),Approved,Tommy Heimrich
"June 27, 2026",2026 Players Beach Series #4,Beach,"Men's Doubles,Women's Doubles,Coed Doubles,Men's Quads,Coed Quads","Open,A,BB,B,Recreational",Chicago,Illinois,Montrose Beach,"4400 N. Jean-Baptiste Pointe DuSable Lake Shore Drive, Chicago, IL 60613",$60.00,6/24/2026,Chicago Players Sports & Social Group,play@playerssports.net,https://www.playerssports.net/league/96245/details,N/A,Rate goes up by $20/team if registered after 6/21,60640,"""Players Sport & Social Group - Chicago, IL.jpg (https://v5.airtableusercontent.com/v3/u/57/57/1790064000000/mWxE35quQC3x-9MPEhhw9w/V6FtbovUCQcgU98v9xD1xPUXtb29gxCmKX6iTJm1Ut0RC8FcrljSrsumhrjrRAV0Q1kS-M4QAFyfnbX-Kh2WEGT95jZXmQbHonmWoRsYbfjYzrijU_sySQc_7hQgf2iBUNm6bbtNxewIjeIlkPH8y5DkYuoy_xp3MRSB1BoYh-KY2OooL5Pf8fFmvVTuWPyg/J-Sbapgy6nzHLPmA8xP90IsOFz6LWgO16chhGNv8ZCs)""",Approved,Dane Schweinzger
"June 27, 2026",Pottstown Rumble,Grass,"Men's Doubles,Women's Doubles","AA,A,BB,B",Pottstown,Pennsylvania,Pottstown Memorial Park,"75 West King Street, Pottstown, PA  19464",$110.00,,Pottstown Rumble,questions@pottstownrumble.com,https://www.pottstownrumble.com/registration,,"Open Men's Doubles: Saturday & Sunday
Open Women's Doubles: Friday & Saturday
Open Division:  Registration per team is $220",,Screenshot 2026-03-29 at 17.06.01.png (https://v5.airtableusercontent.com/v3/u/57/57/1790064000000/4_bBCu7EZAchqYnfQ2Qxyg/okcIeER_Mpr4gjdO3l9PRov9M3VyI76Ep_WVXsb69eQVzO7ntplRv6zTamxhYaH9hx-SK0fTeSb9_CVwZW15N5UPu1PQNnhNQplPIzBjnjvjt_D18-BYfjAEwU5YU_u2OjR_t3poC3JRfFnKsSXViK6DEGq5xgntmsEQPqLqaXFS256qJijOoNzsvj8zDTSb/_u2oZDsBl-ipoHzEd6WcdFfUOF7L1syj4gjzwA33_EQ),Approved,Tommy Heimrich
"June 28, 2026",Pottstown Rumble,Grass,"Men's Quads,Women's Quads","AA,A,BB,B",Pottstown,Pennsylvania,Pottstown Memorial Park,"75 West King Street, Pottstown, PA  19464",$220.00,6/19/2026,Pottstown Rumble,questions@pottstownrumble.com,https://www.pottstownrumble.com/registration,,,,Screenshot 2026-03-29 at 17.06.01.png (https://v5.airtableusercontent.com/v3/u/57/57/1790064000000/4_bBCu7EZAchqYnfQ2Qxyg/okcIeER_Mpr4gjdO3l9PRov9M3VyI76Ep_WVXsb69eQVzO7ntplRv6zTamxhYaH9hx-SK0fTeSb9_CVwZW15N5UPu1PQNnhNQplPIzBjnjvjt_D18-BYfjAEwU5YU_u2OjR_t3poC3JRfFnKsSXViK6DEGq5xgntmsEQPqLqaXFS256qJijOoNzsvj8zDTSb/_u2oZDsBl-ipoHzEd6WcdFfUOF7L1syj4gjzwA33_EQ),Approved,Tommy Heimrich
"June 28, 2026",Pottstown Rumble,Grass,Coed Doubles,"AA,A,BB,B",Pottstown,Pennsylvania,Pottstown Memorial Park,"75 West King Street, Pottstown, PA  19464",$110.00,6/19/2026,Pottstown Rumble,questions@pottstownrumble.com,https://www.pottstownrumble.com/registration,N/A,,,Screenshot 2026-03-29 at 17.06.01.png (https://v5.airtableusercontent.com/v3/u/57/57/1790064000000/4_bBCu7EZAchqYnfQ2Qxyg/okcIeER_Mpr4gjdO3l9PRov9M3VyI76Ep_WVXsb69eQVzO7ntplRv6zTamxhYaH9hx-SK0fTeSb9_CVwZW15N5UPu1PQNnhNQplPIzBjnjvjt_D18-BYfjAEwU5YU_u2OjR_t3poC3JRfFnKsSXViK6DEGq5xgntmsEQPqLqaXFS256qJijOoNzsvj8zDTSb/_u2oZDsBl-ipoHzEd6WcdFfUOF7L1syj4gjzwA33_EQ),Approved,Anonymous
"June 28, 2026",SSOVA Beach National Qualifier,Beach,Coed Doubles,"AA,A,BB,B",Treasure Island,Florida,Bilmar Beach Resort,"10650 Gulf Blvd, Treasure Island, Florida 33706",$42.50,6/26/2026,SSOVA,director@ssova.com,https://www.ssova.com/,Prizes & AVP Points,"Coed check-in 7-7:30am, Start 8am. AVP Silver required.",33706,SSOVA.png (https://v5.airtableusercontent.com/v3/u/57/57/1790064000000/B5yvYLzH0wK08O2etuBnYg/-DiXtGw9BmxyK95C6cEppJjp4H_WHJq2SFhbnuwnr7mu8sA4c-whFb3wo4HLutM9oWhGcj-XlUx6qmT2EPqv-6t57MFo9GnIfKL58mH9Qk8Hziry1NYEMfqkIktqFTG4FmVpKaEfvsI9wL9yy9hv0w/Ahr0kBqxrGBRlAhbJrPs-hmA5XxgdXMA6XehqF1nLSg),,Tommy Heimrich
"July 3, 2026",2026 Players Beach Series #5 - Stars & Stripes Edition,Beach,"Men's Doubles,Women's Doubles,Coed Doubles,Men's Quads,Coed Quads","Open,A,BB,B,Recreational",Chicago,Illinois,North Avenue Beach,"1600 N. Jean-Baptiste Pointe DuSable Lake Shore Drive, Chicago, IL 60611",$60.00,6/3/2026,Chicago Players Sports & Social Group,play@playerssports.net,https://www.playerssports.net/league/97810/details,N/A,Rate goes up by $20/team if registered after 6/27,60614,"""Players Sport & Social Group - Chicago, IL.jpg (https://v5.airtableusercontent.com/v3/u/57/57/1790064000000/mWxE35quQC3x-9MPEhhw9w/V6FtbovUCQcgU98v9xD1xPUXtb29gxCmKX6iTJm1Ut0RC8FcrljSrsumhrjrRAV0Q1kS-M4QAFyfnbX-Kh2WEGT95jZXmQbHonmWoRsYbfjYzrijU_sySQc_7hQgf2iBUNm6bbtNxewIjeIlkPH8y5DkYuoy_xp3MRSB1BoYh-KY2OooL5Pf8fFmvVTuWPyg/J-Sbapgy6nzHLPmA8xP90IsOFz6LWgO16chhGNv8ZCs)""",Approved,Dane Schweinzger
"July 4, 2026",Cin-City Volleyball - AVP Open Doubles,Beach,"Men's Doubles,Women's Doubles",Open,Loveland,Ohio,Grand Sands Volleyball,"10750 Loveland-Madeira Rd, Loveland, Ohio 45140",$60.00,,Cin-City Volleyball,play@cincityvolleyball.com,https://cincity.volleyballlife.com/events,,4th of July. AVP America Silver Membership or higher required. 8:00am start.,45140,Cin-City Volleyball.png (https://v5.airtableusercontent.com/v3/u/57/57/1790064000000/yioY5_Ja1GxxHG0g2w6XcA/GOcCqVngb1dvC4DJAov67qTDAM0RmxPXbNsveYPxXmrr6towriXbIyBCAtRzwxcQVVTIIpwOzy3aFjFaRKKfy38ViYiqNACGXImeNqSZxGpiDBaG1ZnC4-Tw4cYExSyGrElkyeNcw-IDatwfsOfKPtE1LxzkJxicPjeN4gga6oc/1K1S_14HFj4x1dOi-M6XLU9U2qcRXJ0GjHYdpsgC1HY),Approved,Tommy Heimrich
"July 5, 2026",2026 Players Grass Series #6 - Waupaca Warm Up,Grass,"Men's Trips,Women's Trips,Coed Quads","AA,A,BB,B,Recreational",Chicago,Illinois,Montrose Grove,"601 W Montrose Ave Chicago, IL 60613",$105.00,7/2/2026,Chicago Players Sports & Social Group,Play@playerssports.net,https://www.playerssports.net/league/96278/details,N/A,Rate goes up by $5/person if registered after 6/28,60640,"""Players Sport & Social Group - Chicago, IL.jpg (https://v5.airtableusercontent.com/v3/u/57/57/1790064000000/mWxE35quQC3x-9MPEhhw9w/V6FtbovUCQcgU98v9xD1xPUXtb29gxCmKX6iTJm1Ut0RC8FcrljSrsumhrjrRAV0Q1kS-M4QAFyfnbX-Kh2WEGT95jZXmQbHonmWoRsYbfjYzrijU_sySQc_7hQgf2iBUNm6bbtNxewIjeIlkPH8y5DkYuoy_xp3MRSB1BoYh-KY2OooL5Pf8fFmvVTuWPyg/J-Sbapgy6nzHLPmA8xP90IsOFz6LWgO16chhGNv8ZCs)""",Approved,Dane Schweinzger
"July 9, 2026",Waupaca Boatride,Beach,"Men's Doubles,Women's Doubles",Open,Oshkosh,Wisconsin,Brighton Acres,"4057 Fisk Avenue, Oshkosh, WI 54904",,,Waupaca Boatride,volleyball@waupacaboatride.com,https://www.waupacaboatride.com/index.html,,,,Screenshot 2026-03-29 at 17.54.35.png (https://v5.airtableusercontent.com/v3/u/57/57/1790064000000/J1SP1xsLsVoaqwcA3DrPoQ/cpYtbpy5ML0qgWt1l040eESLx0Q8LczkRlkD09mX-nw5rlRE8kJ7xOFPrPwySYVg3WEq7N4gbRSGEieN_lVWfGrG5jEdrXffBdTG7DHBUGEGdsY2WV-6lNtTF-cRx6eYBEsnZOtMNp05bWC-PXdGVoY8pvlEZ87vIR6hLw1c7ZXY0HUzSsaIdlKlJYXu6FJB/Tyfk9ArDVxFICkBphjJqF5NK7y9tzyerAzW_gYyAK-I),Approved,Tommy Heimrich
"July 10, 2026",Waupaca Boatride,Grass,"Men's Doubles,Women's Doubles,Coed Quads","Open,A,B",Oshkosh,Wisconsin,Brighton Acres,"4057 Fisk Avenue, Oshkosh, WI 54904",,,Waupaca Boatride,volleyball@waupacaboatride.com,https://www.waupacaboatride.com/index.html,,,,Screenshot 2026-03-29 at 17.54.35.png (https://v5.airtableusercontent.com/v3/u/57/57/1790064000000/J1SP1xsLsVoaqwcA3DrPoQ/cpYtbpy5ML0qgWt1l040eESLx0Q8LczkRlkD09mX-nw5rlRE8kJ7xOFPrPwySYVg3WEq7N4gbRSGEieN_lVWfGrG5jEdrXffBdTG7DHBUGEGdsY2WV-6lNtTF-cRx6eYBEsnZOtMNp05bWC-PXdGVoY8pvlEZ87vIR6hLw1c7ZXY0HUzSsaIdlKlJYXu6FJB/Tyfk9ArDVxFICkBphjJqF5NK7y9tzyerAzW_gYyAK-I),Approved,Tommy Heimrich
"July 11, 2026",Serve & Defend BYOP Quads,Beach,Coed Quads,Open,Loveland,Ohio,Grand Sands Volleyball,"10750 Loveland-Madeira Rd, Loveland, Ohio 45140",$60.00,,Cin-City Volleyball,play@cincityvolleyball.com,https://cincityvolleyball.com/tournament-registration,,BYOP = Bring Your Own Partner. 3:30pm start.,45140,Cin-City Volleyball.png (https://v5.airtableusercontent.com/v3/u/57/57/1790064000000/yioY5_Ja1GxxHG0g2w6XcA/GOcCqVngb1dvC4DJAov67qTDAM0RmxPXbNsveYPxXmrr6towriXbIyBCAtRzwxcQVVTIIpwOzy3aFjFaRKKfy38ViYiqNACGXImeNqSZxGpiDBaG1ZnC4-Tw4cYExSyGrElkyeNcw-IDatwfsOfKPtE1LxzkJxicPjeN4gga6oc/1K1S_14HFj4x1dOi-M6XLU9U2qcRXJ0GjHYdpsgC1HY),Approved,Tommy Heimrich
"July 11, 2026",SSOVA Beach Series - St. Pete Beach,Beach,"Men's Doubles,Women's Doubles","Open,AAA,AA,A,BB,B",St. Pete Beach,Florida,Bilmar Beach Resort,"10650 Gulf Blvd, Treasure Island, Florida 33706",$75.00,7/9/2026,SSOVA,director@ssova.com,https://www.ssova.com/,Cash for Open; Prizes for AAA-B,"Open check-in 7-7:15am, Start 7:30am. AAA-B check-in 7-7:30am, Start 8am. AVP Silver required.",33706,SSOVA.png (https://v5.airtableusercontent.com/v3/u/57/57/1790064000000/B5yvYLzH0wK08O2etuBnYg/-DiXtGw9BmxyK95C6cEppJjp4H_WHJq2SFhbnuwnr7mu8sA4c-whFb3wo4HLutM9oWhGcj-XlUx6qmT2EPqv-6t57MFo9GnIfKL58mH9Qk8Hziry1NYEMfqkIktqFTG4FmVpKaEfvsI9wL9yy9hv0w/Ahr0kBqxrGBRlAhbJrPs-hmA5XxgdXMA6XehqF1nLSg),,Tommy Heimrich
"July 11, 2026",Waupaca Boatride,Grass,"Men's Trips,Women's Trips","Open,A,B",Oshkosh,Wisconsin,Brighton Acres,"4057 Fisk Avenue, Oshkosh, WI 54904",$210.00,,Waupaca Boatride,volleyball@waupacaboatride.com,https://www.waupacaboatride.com/index.html,,,,Screenshot 2026-03-29 at 17.54.35.png (https://v5.airtableusercontent.com/v3/u/57/57/1790064000000/J1SP1xsLsVoaqwcA3DrPoQ/cpYtbpy5ML0qgWt1l040eESLx0Q8LczkRlkD09mX-nw5rlRE8kJ7xOFPrPwySYVg3WEq7N4gbRSGEieN_lVWfGrG5jEdrXffBdTG7DHBUGEGdsY2WV-6lNtTF-cRx6eYBEsnZOtMNp05bWC-PXdGVoY8pvlEZ87vIR6hLw1c7ZXY0HUzSsaIdlKlJYXu6FJB/Tyfk9ArDVxFICkBphjJqF5NK7y9tzyerAzW_gYyAK-I),Approved,Tommy Heimrich
"July 12, 2026",2026 Players Beach Series #6,Beach,"Men's Doubles,Women's Doubles,Coed Doubles,Men's Quads,Coed Quads","Open,A,BB,B,Recreational",Chicago,Illinois,North Avenue Beach,"1600 N. Jean-Baptiste Pointe DuSable Lake Shore Drive, Chicago, IL 60611",$60.00,7/9/2026,Chicago Players Sports & Social Group,play@playerssports.net,https://www.playerssports.net/league/96246/details,N/A,Rate goes up by $20/team if registered after 7/6,60614,"""Players Sport & Social Group - Chicago, IL.jpg (https://v5.airtableusercontent.com/v3/u/57/57/1790064000000/mWxE35quQC3x-9MPEhhw9w/V6FtbovUCQcgU98v9xD1xPUXtb29gxCmKX6iTJm1Ut0RC8FcrljSrsumhrjrRAV0Q1kS-M4QAFyfnbX-Kh2WEGT95jZXmQbHonmWoRsYbfjYzrijU_sySQc_7hQgf2iBUNm6bbtNxewIjeIlkPH8y5DkYuoy_xp3MRSB1BoYh-KY2OooL5Pf8fFmvVTuWPyg/J-Sbapgy6nzHLPmA8xP90IsOFz6LWgO16chhGNv8ZCs)""",Approved,Dane Schweinzger
"July 12, 2026",SSOVA Beach Series - St. Pete Beach,Beach,Coed Doubles,"AA,A,BB,B",St. Pete Beach,Florida,Bilmar Beach Resort,"10650 Gulf Blvd, Treasure Island, Florida 33706",$42.50,7/10/2026,SSOVA,director@ssova.com,https://www.ssova.com/,Prizes & AVP Points,"Coed check-in 7-7:30am, Start 8am. AVP Silver required.",33706,SSOVA.png (https://v5.airtableusercontent.com/v3/u/57/57/1790064000000/B5yvYLzH0wK08O2etuBnYg/-DiXtGw9BmxyK95C6cEppJjp4H_WHJq2SFhbnuwnr7mu8sA4c-whFb3wo4HLutM9oWhGcj-XlUx6qmT2EPqv-6t57MFo9GnIfKL58mH9Qk8Hziry1NYEMfqkIktqFTG4FmVpKaEfvsI9wL9yy9hv0w/Ahr0kBqxrGBRlAhbJrPs-hmA5XxgdXMA6XehqF1nLSg),,Tommy Heimrich
"July 12, 2026",Waupaca Boatride,Grass,"Coed Doubles,Reverse Coed Quads","Open,A,B",Oshkosh,Wisconsin,Brighton Acres,"4057 Fisk Avenue, Oshkosh, WI 54904",,,Waupaca Boatride,volleyball@waupacaboatride.com,https://www.waupacaboatride.com/index.html,,,,Screenshot 2026-03-29 at 17.54.35.png (https://v5.airtableusercontent.com/v3/u/57/57/1790064000000/J1SP1xsLsVoaqwcA3DrPoQ/cpYtbpy5ML0qgWt1l040eESLx0Q8LczkRlkD09mX-nw5rlRE8kJ7xOFPrPwySYVg3WEq7N4gbRSGEieN_lVWfGrG5jEdrXffBdTG7DHBUGEGdsY2WV-6lNtTF-cRx6eYBEsnZOtMNp05bWC-PXdGVoY8pvlEZ87vIR6hLw1c7ZXY0HUzSsaIdlKlJYXu6FJB/Tyfk9ArDVxFICkBphjJqF5NK7y9tzyerAzW_gYyAK-I),Approved,Tommy Heimrich
"July 18, 2026",Spikin’ It,Grass,"Men's Trips,Women's Quads","Open,A",St. Louis,Missouri,,,,,,,,,,,,Approved,Tommy Heimrich
"July 19, 2026",2026 Players Grass Series #7 - Chi-Town Throwdown,Grass,"Men's Trips,Women's Trips,Coed Quads","AA,A,BB,B,Recreational",Chicago,Illinois,Montrose Grove,"601 W Montrose Ave Chicago, IL 60613",$105.00,7/16/2026,Chicago Players Sports & Social Group,Play@playerssports.net,https://www.playerssports.net/league/96279/details,N/A,Rate goes up by $5/person if registered after 7/12,60640,"""Players Sport & Social Group - Chicago, IL.jpg (https://v5.airtableusercontent.com/v3/u/57/57/1790064000000/mWxE35quQC3x-9MPEhhw9w/V6FtbovUCQcgU98v9xD1xPUXtb29gxCmKX6iTJm1Ut0RC8FcrljSrsumhrjrRAV0Q1kS-M4QAFyfnbX-Kh2WEGT95jZXmQbHonmWoRsYbfjYzrijU_sySQc_7hQgf2iBUNm6bbtNxewIjeIlkPH8y5DkYuoy_xp3MRSB1BoYh-KY2OooL5Pf8fFmvVTuWPyg/J-Sbapgy6nzHLPmA8xP90IsOFz6LWgO16chhGNv8ZCs)""",Approved,Dane Schweinzger
"July 25, 2026",Chucktown Volleyball,Grass,"Men's Doubles,Women's Doubles","Open,A,B",Summerville,South Carolina,Gahagan Park,"184 W Boundary St, Summerville, SC 29485, USA",$40.00,,Chucktown Volleyball,Chucktownvolleyball@gmail.com,https://chucktown.volleyballlife.com/events,,,29485,Screenshot 2026-03-29 at 17.29.27.png (https://v5.airtableusercontent.com/v3/u/57/57/1790064000000/qeZ1iTl0TlSzC7sYHUsOTQ/OJ7rn-7Oi0415jyUcauVJ2bQ5Fzj6_Wmjbb0OcX7T8XsyLUAlfhyyMeKI_b5xohwBuCxw3Ff9ap7_ipfJtivaNfhFFXim2jpc3f3odAmEJprc5CNACA-IWdnR1RqlzOpwy2Ct7rWQn3vDVVQ2mYnPmumaFZB3mQO9qubO3MdnoKkZL0kvY5CnYjAAthJWg32/dTYn40d7RlWxNaXNKYHUwvgr57HY6l2JVBXCpOYxzuo),Approved,Tommy Heimrich
"July 25, 2026",Marshall Madness,Grass,"Men's Trips,Women's Quads,Coed Sixes","Open,A,BB",Bowling Green,Kentucky,Ephram White Park,"885 Mount Olivet Rd, Bowling Green, KY 42101",$50.00,,Riley Marshall,rileyd.marshall@gmail.com,https://marshallmadnessvball.com/,Yes,Coed Sixes (C divison),,Marshall Madness.jpg (https://v5.airtableusercontent.com/v3/u/57/57/1790064000000/1S0ZwTZGk7ZvskKkB7bEqA/0GHLMGeKL8tl5SX62xLS820BCjJGIcZ3he-lRtBkjXsec5ujwpcddpvtZEq92U3esSt_-zg9enz9GGd2T6udSNR3C-kn1eg8FHVjuNLpS2yV6MrtId-Ac719Z21BpQnLoMr17wppUFUOb6YhpyPwHU9UImLQ5kiYxlLGasXASoo/2l6JKsNgwPmUjWiqTThpW1FA-IBX8hsnlyhhLzjNYbM),Approved,Tommy Heimrich
"July 26, 2026",Chucktown Volleyball,Grass,Coed Doubles,"Open,A,B",Summerville,South Carolina,Gahagan Park,"184 W Boundary St, Summerville, SC 29485, USA",$40.00,,Chucktown Volleyball,Chucktownvolleyball@gmail.com,https://chucktown.volleyballlife.com/events,,Junior's 2s divisions also available,29485,Screenshot 2026-03-29 at 17.29.27.png (https://v5.airtableusercontent.com/v3/u/57/57/1790064000000/qeZ1iTl0TlSzC7sYHUsOTQ/OJ7rn-7Oi0415jyUcauVJ2bQ5Fzj6_Wmjbb0OcX7T8XsyLUAlfhyyMeKI_b5xohwBuCxw3Ff9ap7_ipfJtivaNfhFFXim2jpc3f3odAmEJprc5CNACA-IWdnR1RqlzOpwy2Ct7rWQn3vDVVQ2mYnPmumaFZB3mQO9qubO3MdnoKkZL0kvY5CnYjAAthJWg32/dTYn40d7RlWxNaXNKYHUwvgr57HY6l2JVBXCpOYxzuo),Approved,Tommy Heimrich
"July 26, 2026",Marshall Madness,Grass,Coed Quads,Open,Bowling Green,Kentucky,Ephram White Park,"885 Mount Olivet Rd, Bowling Green, KY 42101",$50.00,,Riley Marshall,rileyd.marshall@gmail.com,https://marshallmadnessvball.com/,Yes,,,Marshall Madness.jpg (https://v5.airtableusercontent.com/v3/u/57/57/1790064000000/1S0ZwTZGk7ZvskKkB7bEqA/0GHLMGeKL8tl5SX62xLS820BCjJGIcZ3he-lRtBkjXsec5ujwpcddpvtZEq92U3esSt_-zg9enz9GGd2T6udSNR3C-kn1eg8FHVjuNLpS2yV6MrtId-Ac719Z21BpQnLoMr17wppUFUOb6YhpyPwHU9UImLQ5kiYxlLGasXASoo/2l6JKsNgwPmUjWiqTThpW1FA-IBX8hsnlyhhLzjNYbM),Approved,Tommy Heimrich
"August 1, 2026",'UTL' AVPA King and Queen of the Court,Beach,King & Queen Of The Beach,"AA,BB",Spring Hill,Tennessee,Hyden Beach,"5191 Joe Peay Rd, Spring Hill, Tennessee 37174",,,Hyden Beach,hydenbeach@gmail.com,https://hydenbeach.com/,Prizes for top finishers,UTL Series event.,37174,Hyden Beach Volleyball.png (https://v5.airtableusercontent.com/v3/u/57/57/1790064000000/PyXdelqZYOOd3ipuoCWIYg/7mx1u0SrvV1CLBUx9ib8Mc6ak5S2_lVJD2zVyFmyxATKp1lfEDqbnj_5-H9BJlYWYGNOizjpN6GzWO6KrqXLoBt-oJtVdb3mTCxKMojZd3zW_LEd_uHzWqMo8Y0sN_hirs4WPeHnjoAJduJQUgYxFDeg0V1j2bAJRiOEw7davI0/lk3kPgAJPI8tFzrUE29HJe2rcd58FCSQ_VhV4cDtQVs),Approved,Tommy Heimrich
"August 2, 2026",2026 Players Beach Series #7,Beach,"Men's Doubles,Women's Doubles,Coed Doubles,Men's Quads,Coed Quads","Open,A,BB,B,Recreational",Chicago,Illinois,North Avenue Beach,"1600 N. Jean-Baptiste Pointe DuSable Lake Shore Drive, Chicago, IL 60611",$60.00,7/30/2026,Chicago Players Sports & Social Group,play@playerssports.net,https://www.playerssports.net/league/96247/details,N/A,Rate goes up by $20/team if registered after 7/27,60614,"""Players Sport & Social Group - Chicago, IL.jpg (https://v5.airtableusercontent.com/v3/u/57/57/1790064000000/mWxE35quQC3x-9MPEhhw9w/V6FtbovUCQcgU98v9xD1xPUXtb29gxCmKX6iTJm1Ut0RC8FcrljSrsumhrjrRAV0Q1kS-M4QAFyfnbX-Kh2WEGT95jZXmQbHonmWoRsYbfjYzrijU_sySQc_7hQgf2iBUNm6bbtNxewIjeIlkPH8y5DkYuoy_xp3MRSB1BoYh-KY2OooL5Pf8fFmvVTuWPyg/J-Sbapgy6nzHLPmA8xP90IsOFz6LWgO16chhGNv8ZCs)""",Approved,Dane Schweinzger
"August 8, 2026",2026 Players Grass Series #8 - Players Summer Classic,Grass,"Men's Trips,Women's Trips,Coed Quads","AA,A,BB,B,Recreational",Chicago,Illinois,Montrose Grove,"601 W Montrose Ave Chicago, IL 60613",$105.00,8/6/2026,Chicago Players Sports & Social Group,Play@playerssports.net,https://www.playerssports.net/league/96280/details,N/A,Rate goes up by $5/person if registered after 8/2,60640,"""Players Sport & Social Group - Chicago, IL.jpg (https://v5.airtableusercontent.com/v3/u/57/57/1790064000000/mWxE35quQC3x-9MPEhhw9w/V6FtbovUCQcgU98v9xD1xPUXtb29gxCmKX6iTJm1Ut0RC8FcrljSrsumhrjrRAV0Q1kS-M4QAFyfnbX-Kh2WEGT95jZXmQbHonmWoRsYbfjYzrijU_sySQc_7hQgf2iBUNm6bbtNxewIjeIlkPH8y5DkYuoy_xp3MRSB1BoYh-KY2OooL5Pf8fFmvVTuWPyg/J-Sbapgy6nzHLPmA8xP90IsOFz6LWgO16chhGNv8ZCs)""",Approved,Dane Schweinzger
"August 8, 2026",Cin-City Volleyball - AVP A/B Doubles,Beach,"Men's Doubles,Women's Doubles","A,BB",Loveland,Ohio,Grand Sands Volleyball,"10750 Loveland-Madeira Rd, Loveland, Ohio 45140",$60.00,,Cin-City Volleyball,play@cincityvolleyball.com,https://cincity.volleyballlife.com/events,,AVP America Silver Membership or higher required. 8:00am start.,45140,Cin-City Volleyball.png (https://v5.airtableusercontent.com/v3/u/57/57/1790064000000/yioY5_Ja1GxxHG0g2w6XcA/GOcCqVngb1dvC4DJAov67qTDAM0RmxPXbNsveYPxXmrr6towriXbIyBCAtRzwxcQVVTIIpwOzy3aFjFaRKKfy38ViYiqNACGXImeNqSZxGpiDBaG1ZnC4-Tw4cYExSyGrElkyeNcw-IDatwfsOfKPtE1LxzkJxicPjeN4gga6oc/1K1S_14HFj4x1dOi-M6XLU9U2qcRXJ0GjHYdpsgC1HY),Approved,Tommy Heimrich
"August 15, 2026",2026 Players Beach Series #8 - Air & Water Show Edition,Beach,"Men's Doubles,Women's Doubles,Coed Doubles,Men's Quads,Coed Quads","Open,A,BB,B,Recreational",Chicago,Illinois,Montrose Beach,"4400 N. Jean-Baptiste Pointe DuSable Lake Shore Drive, Chicago, IL 60613",$60.00,8/12/2026,Chicago Players Sports & Social Group,play@playerssports.net,https://www.playerssports.net/league/96248/details,N/A,Rate goes up by $20/team if registered after 8/9,60640,"""Players Sport & Social Group - Chicago, IL.jpg (https://v5.airtableusercontent.com/v3/u/57/57/1790064000000/mWxE35quQC3x-9MPEhhw9w/V6FtbovUCQcgU98v9xD1xPUXtb29gxCmKX6iTJm1Ut0RC8FcrljSrsumhrjrRAV0Q1kS-M4QAFyfnbX-Kh2WEGT95jZXmQbHonmWoRsYbfjYzrijU_sySQc_7hQgf2iBUNm6bbtNxewIjeIlkPH8y5DkYuoy_xp3MRSB1BoYh-KY2OooL5Pf8fFmvVTuWPyg/J-Sbapgy6nzHLPmA8xP90IsOFz6LWgO16chhGNv8ZCs)""",Approved,Dane Schweinzger
"August 15, 2026",Back to School Coed Quads Lottery,Beach,Coed Quads,Open,Loveland,Ohio,Grand Sands Volleyball,"10750 Loveland-Madeira Rd, Loveland, Ohio 45140",$60.00,,Cin-City Volleyball,play@cincityvolleyball.com,https://cincityvolleyball.com/tournament-registration,,Lottery format registration. 3:30pm start.,45140,Cin-City Volleyball.png (https://v5.airtableusercontent.com/v3/u/57/57/1790064000000/yioY5_Ja1GxxHG0g2w6XcA/GOcCqVngb1dvC4DJAov67qTDAM0RmxPXbNsveYPxXmrr6towriXbIyBCAtRzwxcQVVTIIpwOzy3aFjFaRKKfy38ViYiqNACGXImeNqSZxGpiDBaG1ZnC4-Tw4cYExSyGrElkyeNcw-IDatwfsOfKPtE1LxzkJxicPjeN4gga6oc/1K1S_14HFj4x1dOi-M6XLU9U2qcRXJ0GjHYdpsgC1HY),Approved,Tommy Heimrich
"August 15, 2026",SSOVA Beach Series - Clearwater Beach,Beach,"Men's Doubles,Women's Doubles","Open,AAA,AA,A,BB,B",Clearwater Beach,Florida,Pier 60,"7000 Gulf Blvd, Clearwater Beach, Florida 33767",$75.00,8/13/2026,SSOVA,director@ssova.com,https://www.ssova.com/,Cash for Open; Prizes for AAA-B,"Open check-in 7-7:15am, Start 7:30am. AAA-B check-in 7-7:30am, Start 8am. AVP Silver required.",33767,SSOVA.png (https://v5.airtableusercontent.com/v3/u/57/57/1790064000000/B5yvYLzH0wK08O2etuBnYg/-DiXtGw9BmxyK95C6cEppJjp4H_WHJq2SFhbnuwnr7mu8sA4c-whFb3wo4HLutM9oWhGcj-XlUx6qmT2EPqv-6t57MFo9GnIfKL58mH9Qk8Hziry1NYEMfqkIktqFTG4FmVpKaEfvsI9wL9yy9hv0w/Ahr0kBqxrGBRlAhbJrPs-hmA5XxgdXMA6XehqF1nLSg),,Tommy Heimrich
"August 16, 2026",SSOVA Beach Series - Clearwater Beach,Beach,Coed Doubles,"AA,A,BB,B",Clearwater Beach,Florida,Pier 60,"7000 Gulf Blvd, Clearwater Beach, Florida 33767",$42.50,8/14/2026,SSOVA,director@ssova.com,https://www.ssova.com/,Prizes & AVP Points,"Coed check-in 7-7:30am, Start 8am. AVP Silver required.",33767,SSOVA.png (https://v5.airtableusercontent.com/v3/u/57/57/1790064000000/B5yvYLzH0wK08O2etuBnYg/-DiXtGw9BmxyK95C6cEppJjp4H_WHJq2SFhbnuwnr7mu8sA4c-whFb3wo4HLutM9oWhGcj-XlUx6qmT2EPqv-6t57MFo9GnIfKL58mH9Qk8Hziry1NYEMfqkIktqFTG4FmVpKaEfvsI9wL9yy9hv0w/Ahr0kBqxrGBRlAhbJrPs-hmA5XxgdXMA6XehqF1nLSg),,Tommy Heimrich
"August 22, 2026",AVPA COED Doubles,Beach,Coed Doubles,"A,BB",Spring Hill,Tennessee,Hyden Beach,"5191 Joe Peay Rd, Spring Hill, Tennessee 37174",,,Hyden Beach,hydenbeach@gmail.com,https://hydenbeach.com/,Prizes for top finishers,AVPArmerica membership required.,37174,Hyden Beach Volleyball.png (https://v5.airtableusercontent.com/v3/u/57/57/1790064000000/PyXdelqZYOOd3ipuoCWIYg/7mx1u0SrvV1CLBUx9ib8Mc6ak5S2_lVJD2zVyFmyxATKp1lfEDqbnj_5-H9BJlYWYGNOizjpN6GzWO6KrqXLoBt-oJtVdb3mTCxKMojZd3zW_LEd_uHzWqMo8Y0sN_hirs4WPeHnjoAJduJQUgYxFDeg0V1j2bAJRiOEw7davI0/lk3kPgAJPI8tFzrUE29HJe2rcd58FCSQ_VhV4cDtQVs),Approved,Tommy Heimrich
"August 22, 2026",Chucktown Volleyball,Grass,"Men's Doubles,Women's Doubles","Open,A,B",Summerville,South Carolina,Gahagan Park,"184 W Boundary St, Summerville, SC 29485, USA",$40.00,,Chucktown Volleyball,Chucktownvolleyball@gmail.com,https://chucktown.volleyballlife.com/events,,,29485,Screenshot 2026-03-29 at 17.29.27.png (https://v5.airtableusercontent.com/v3/u/57/57/1790064000000/qeZ1iTl0TlSzC7sYHUsOTQ/OJ7rn-7Oi0415jyUcauVJ2bQ5Fzj6_Wmjbb0OcX7T8XsyLUAlfhyyMeKI_b5xohwBuCxw3Ff9ap7_ipfJtivaNfhFFXim2jpc3f3odAmEJprc5CNACA-IWdnR1RqlzOpwy2Ct7rWQn3vDVVQ2mYnPmumaFZB3mQO9qubO3MdnoKkZL0kvY5CnYjAAthJWg32/dTYn40d7RlWxNaXNKYHUwvgr57HY6l2JVBXCpOYxzuo),Approved,Tommy Heimrich
"August 23, 2026",2026 Players Grass Series #9 - Dog Days Tourney,Grass,"Men's Trips,Women's Trips,Coed Quads","AA,A,BB,B,Recreational",Chicago,Illinois,Montrose Grove,"601 W Montrose Ave Chicago, IL 60613",$105.00,8/20/2026,Chicago Players Sports & Social Group,Play@playerssports.net,https://www.playerssports.net/league/96281/details,N/A,"Rate goes up by $5/person if registered after 8/16
",60640,"""Players Sport & Social Group - Chicago, IL.jpg (https://v5.airtableusercontent.com/v3/u/57/57/1790064000000/mWxE35quQC3x-9MPEhhw9w/V6FtbovUCQcgU98v9xD1xPUXtb29gxCmKX6iTJm1Ut0RC8FcrljSrsumhrjrRAV0Q1kS-M4QAFyfnbX-Kh2WEGT95jZXmQbHonmWoRsYbfjYzrijU_sySQc_7hQgf2iBUNm6bbtNxewIjeIlkPH8y5DkYuoy_xp3MRSB1BoYh-KY2OooL5Pf8fFmvVTuWPyg/J-Sbapgy6nzHLPmA8xP90IsOFz6LWgO16chhGNv8ZCs)""",Approved,Dane Schweinzger
"August 23, 2026",Chucktown Volleyball,Grass,Reverse Coed Doubles,"Open,A,B",Summerville,South Carolina,Gahagan Park,"184 W Boundary St, Summerville, SC 29485, USA",$40.00,,Chucktown Volleyball,Chucktownvolleyball@gmail.com,https://chucktown.volleyballlife.com/events,,Junior's 2s divisions also available,29485,Screenshot 2026-03-29 at 17.29.27.png (https://v5.airtableusercontent.com/v3/u/57/57/1790064000000/qeZ1iTl0TlSzC7sYHUsOTQ/OJ7rn-7Oi0415jyUcauVJ2bQ5Fzj6_Wmjbb0OcX7T8XsyLUAlfhyyMeKI_b5xohwBuCxw3Ff9ap7_ipfJtivaNfhFFXim2jpc3f3odAmEJprc5CNACA-IWdnR1RqlzOpwy2Ct7rWQn3vDVVQ2mYnPmumaFZB3mQO9qubO3MdnoKkZL0kvY5CnYjAAthJWg32/dTYn40d7RlWxNaXNKYHUwvgr57HY6l2JVBXCpOYxzuo),Approved,Tommy Heimrich
"August 29, 2026",'UTL' AVPA ADULT King and Queen of the Court,Beach,King & Queen Of The Beach,"AA,BB",Spring Hill,Tennessee,Hyden Beach,"5191 Joe Peay Rd, Spring Hill, Tennessee 37174",,,Hyden Beach,hydenbeach@gmail.com,https://hydenbeach.com/,Prizes for top finishers,UTL Series event.,37174,Hyden Beach Volleyball.png (https://v5.airtableusercontent.com/v3/u/57/57/1790064000000/PyXdelqZYOOd3ipuoCWIYg/7mx1u0SrvV1CLBUx9ib8Mc6ak5S2_lVJD2zVyFmyxATKp1lfEDqbnj_5-H9BJlYWYGNOizjpN6GzWO6KrqXLoBt-oJtVdb3mTCxKMojZd3zW_LEd_uHzWqMo8Y0sN_hirs4WPeHnjoAJduJQUgYxFDeg0V1j2bAJRiOEw7davI0/lk3kPgAJPI8tFzrUE29HJe2rcd58FCSQ_VhV4cDtQVs),Approved,Tommy Heimrich
"August 29, 2026",2026 Players Beach Series #9,Beach,"Men's Doubles,Women's Doubles,Coed Doubles,Men's Quads,Coed Quads","Open,A,BB,B,Recreational",Chicago,Illinois,Montrose Beach,"4400 N. Jean-Baptiste Pointe DuSable Lake Shore Drive, Chicago, IL 60613",$60.00,8/26/2026,Chicago Players Sports & Social Group,play@playerssports.net,https://www.playerssports.net/league/96249/details,N/A,Rate goes up by $20/team if registered after 8/23,60640,"""Players Sport & Social Group - Chicago, IL.jpg (https://v5.airtableusercontent.com/v3/u/57/57/1790064000000/mWxE35quQC3x-9MPEhhw9w/V6FtbovUCQcgU98v9xD1xPUXtb29gxCmKX6iTJm1Ut0RC8FcrljSrsumhrjrRAV0Q1kS-M4QAFyfnbX-Kh2WEGT95jZXmQbHonmWoRsYbfjYzrijU_sySQc_7hQgf2iBUNm6bbtNxewIjeIlkPH8y5DkYuoy_xp3MRSB1BoYh-KY2OooL5Pf8fFmvVTuWPyg/J-Sbapgy6nzHLPmA8xP90IsOFz6LWgO16chhGNv8ZCs)""",Approved,Dane Schweinzger
"September 5, 2026",Battle of the Lou,Grass,"Men's Trips,Women's Quads","Open,A",St. Louis,Missouri,,,,,,,,,,,,Approved,Tommy Heimrich
"September 5, 2026",Mother Lode,"Beach,Grass","Men's Doubles,Women's Doubles,Men's Trips,Women's Trips","Open,A,BB,B",Aspen,Colorado,Wagner Park,"350 E Durant Ave, Aspen, CO 81611, USA",$200.00,8/1/2026,Let’s go volleyball,,https://letsgovolleyball.com/,2000,,,,Approved,Anonymous
"September 5, 2026",Tom Lee Park M/W 4v4 Grass Volleyball Tournament,Grass,Men's Quads,"Open,A,B",Memphis,Tennessee,Tom Lee Park,"Riverside Dr, Memphis, Tennessee 38103",,9/2/2026,901 Volleyball,901volleyball@gmail.com,https://901volleyball.volleyballlife.com/event/36036?tab=information,,Cash prizes awarded to Open division. Merchandise and sponsor prizes awarded to A & B divisions. 5 players max per team. Pool play followed by playoffs.,38103,Screenshot 2026-03-29 at 20.32.47.png (https://v5.airtableusercontent.com/v3/u/57/57/1790064000000/xLOLIZ82-RQfQERhnu104Q/1USR_uS4m6XowEUBNjekXCZDSP3AuSClwVrrKgF1DK5unCfdz12GRXZ7QmvYXq-qFbKdfxC0sr5Hg8GWPAJsv1aUmlGG5J63QNQ925_73pF0DxCWD7r5eqF2cUItz-3jco1otm2EJdyMZPcimH1lQrwc3_4AhWHYAOab2EPzUQOepHDACcf8hmhCsJtG38X7/EJM-fbFhjncBHYjO-yVvdJXLyxnh6WjvuJIy_K6MbwY),Approved,Tommy Heimrich
"September 7, 2026",2026 Players Beach Series #10 - Labor Day Edition,Beach,"Men's Doubles,Women's Doubles,Coed Doubles,Men's Quads,Coed Quads","Open,A,BB,B,Recreational",Chicago,Illinois,North Avenue Beach,"1600 N. Jean-Baptiste Pointe DuSable Lake Shore Drive, Chicago, IL 60611",$60.00,9/5/2026,Chicago Players Sports & Social Group,play@playerssports.net,https://www.playerssports.net/league/96251/details,N/A,Rate goes up by $20/team if registered after 9/1,60614,"""Players Sport & Social Group - Chicago, IL.jpg (https://v5.airtableusercontent.com/v3/u/57/57/1790064000000/mWxE35quQC3x-9MPEhhw9w/V6FtbovUCQcgU98v9xD1xPUXtb29gxCmKX6iTJm1Ut0RC8FcrljSrsumhrjrRAV0Q1kS-M4QAFyfnbX-Kh2WEGT95jZXmQbHonmWoRsYbfjYzrijU_sySQc_7hQgf2iBUNm6bbtNxewIjeIlkPH8y5DkYuoy_xp3MRSB1BoYh-KY2OooL5Pf8fFmvVTuWPyg/J-Sbapgy6nzHLPmA8xP90IsOFz6LWgO16chhGNv8ZCs)""",Approved,Dane Schweinzger
"September 12, 2026",2026 Luau Weekend in Chicago - Main Event Grass Coed 4's,Grass,Coed Quads,"A,BB,B",Chicago,Illinois,Sydney Marovitz Golf Course,"3701 N Recreation Dr, Chicago, IL 60613",$240.00,9/9/2026,Chicago Players Sports & Social Group,Play@playerssports.net,https://www.playerssports.net/league/92262/details,N/A,Rate goes up by $60/team if registered after 8/31,60640,"""Players Sport & Social Group - Chicago, IL.jpg (https://v5.airtableusercontent.com/v3/u/57/57/1790064000000/mWxE35quQC3x-9MPEhhw9w/V6FtbovUCQcgU98v9xD1xPUXtb29gxCmKX6iTJm1Ut0RC8FcrljSrsumhrjrRAV0Q1kS-M4QAFyfnbX-Kh2WEGT95jZXmQbHonmWoRsYbfjYzrijU_sySQc_7hQgf2iBUNm6bbtNxewIjeIlkPH8y5DkYuoy_xp3MRSB1BoYh-KY2OooL5Pf8fFmvVTuWPyg/J-Sbapgy6nzHLPmA8xP90IsOFz6LWgO16chhGNv8ZCs)""",Approved,Dane Schweinzger
"September 12, 2026",2026 Luau Weekend in Chicago - Main Event Grass Coed 6's,Grass,Coed Sixes,"B,Recreational",Chicago,Illinois,Sydney Marovitz Golf Course,"3701 N Recreation Dr, Chicago, IL 60613",$240.00,9/9/2026,Chicago Players Sports & Social Group,Play@playerssports.net,https://www.playerssports.net/league/92263/details,N/A,Rate goes up by $60/team if registered after 8/31,60640,"""Players Sport & Social Group - Chicago, IL.jpg (https://v5.airtableusercontent.com/v3/u/57/57/1790064000000/mWxE35quQC3x-9MPEhhw9w/V6FtbovUCQcgU98v9xD1xPUXtb29gxCmKX6iTJm1Ut0RC8FcrljSrsumhrjrRAV0Q1kS-M4QAFyfnbX-Kh2WEGT95jZXmQbHonmWoRsYbfjYzrijU_sySQc_7hQgf2iBUNm6bbtNxewIjeIlkPH8y5DkYuoy_xp3MRSB1BoYh-KY2OooL5Pf8fFmvVTuWPyg/J-Sbapgy6nzHLPmA8xP90IsOFz6LWgO16chhGNv8ZCs)""",Approved,Dane Schweinzger
"September 12, 2026",2026 Luau Weekend in Chicago - Main Event Grass Men's Triples,Grass,Men's Trips,"Open,AA,A,BB,B,Masters",Chicago,Illinois,Sydney Marovitz Golf Course,"3701 N Recreation Dr, Chicago, IL 60613",$165.00,9/9/2026,Chicago Players Sports & Social Group,Play@playerssports.net,https://www.playerssports.net/league/92259/details,N/A,Rate goes up by $30/team if registered after 8/28,60640,"""Players Sport & Social Group - Chicago, IL.jpg (https://v5.airtableusercontent.com/v3/u/57/57/1790064000000/mWxE35quQC3x-9MPEhhw9w/V6FtbovUCQcgU98v9xD1xPUXtb29gxCmKX6iTJm1Ut0RC8FcrljSrsumhrjrRAV0Q1kS-M4QAFyfnbX-Kh2WEGT95jZXmQbHonmWoRsYbfjYzrijU_sySQc_7hQgf2iBUNm6bbtNxewIjeIlkPH8y5DkYuoy_xp3MRSB1BoYh-KY2OooL5Pf8fFmvVTuWPyg/J-Sbapgy6nzHLPmA8xP90IsOFz6LWgO16chhGNv8ZCs)""",Approved,Dane Schweinzger
"September 12, 2026",2026 Luau Weekend in Chicago - Main Event Grass Women's Triples,Grass,Women's Trips,"Open,AA,A,BB,B,Masters",Chicago,Illinois,Sydney Marovitz Golf Course,"3701 N Recreation Dr, Chicago, IL 60613",$165.00,9/9/2026,Chicago Players Sports & Social Group,Play@playerssports.net,https://www.playerssports.net/league/92260/details,N/A,Rate goes up by $30/team if registered after 8/28,60640,"""Players Sport & Social Group - Chicago, IL.jpg (https://v5.airtableusercontent.com/v3/u/57/57/1790064000000/mWxE35quQC3x-9MPEhhw9w/V6FtbovUCQcgU98v9xD1xPUXtb29gxCmKX6iTJm1Ut0RC8FcrljSrsumhrjrRAV0Q1kS-M4QAFyfnbX-Kh2WEGT95jZXmQbHonmWoRsYbfjYzrijU_sySQc_7hQgf2iBUNm6bbtNxewIjeIlkPH8y5DkYuoy_xp3MRSB1BoYh-KY2OooL5Pf8fFmvVTuWPyg/J-Sbapgy6nzHLPmA8xP90IsOFz6LWgO16chhGNv8ZCs)""",Approved,Dane Schweinzger
"September 12, 2026",Cin-City Volleyball - AVP Open Doubles,Beach,"Men's Doubles,Women's Doubles",Open,Loveland,Ohio,Grand Sands Volleyball,"10750 Loveland-Madeira Rd, Loveland, Ohio 45140",$60.00,,Cin-City Volleyball,play@cincityvolleyball.com,https://cincity.volleyballlife.com/events,,AVP America Silver Membership or higher required. 8:00am start.,45140,Cin-City Volleyball.png (https://v5.airtableusercontent.com/v3/u/57/57/1790064000000/yioY5_Ja1GxxHG0g2w6XcA/GOcCqVngb1dvC4DJAov67qTDAM0RmxPXbNsveYPxXmrr6towriXbIyBCAtRzwxcQVVTIIpwOzy3aFjFaRKKfy38ViYiqNACGXImeNqSZxGpiDBaG1ZnC4-Tw4cYExSyGrElkyeNcw-IDatwfsOfKPtE1LxzkJxicPjeN4gga6oc/1K1S_14HFj4x1dOi-M6XLU9U2qcRXJ0GjHYdpsgC1HY),Approved,Tommy Heimrich
"September 13, 2026",'UTL' AVPA King and Queen of the Court,Beach,King & Queen Of The Beach,"AA,BB",Spring Hill,Tennessee,Hyden Beach,"5191 Joe Peay Rd, Spring Hill, Tennessee 37174",,,Hyden Beach,hydenbeach@gmail.com,https://hydenbeach.com/,Prizes for top finishers,Sunday event.,37174,Hyden Beach Volleyball.png (https://v5.airtableusercontent.com/v3/u/57/57/1790064000000/PyXdelqZYOOd3ipuoCWIYg/7mx1u0SrvV1CLBUx9ib8Mc6ak5S2_lVJD2zVyFmyxATKp1lfEDqbnj_5-H9BJlYWYGNOizjpN6GzWO6KrqXLoBt-oJtVdb3mTCxKMojZd3zW_LEd_uHzWqMo8Y0sN_hirs4WPeHnjoAJduJQUgYxFDeg0V1j2bAJRiOEw7davI0/lk3kPgAJPI8tFzrUE29HJe2rcd58FCSQ_VhV4cDtQVs),Approved,Tommy Heimrich
"September 13, 2026",2026 Players Beach Series #11 - Luau Beach Edition,Beach,"Men's Doubles,Women's Doubles,Coed Doubles,Men's Quads,Coed Quads","Open,A,BB,B,Recreational",Chicago,Illinois,Montrose Beach,"4400 N. Jean-Baptiste Pointe DuSable Lake Shore Drive, Chicago, IL 60613",$60.00,9/12/2026,Chicago Players Sports & Social Group,play@playerssports.net,https://www.playerssports.net/league/96252/details,N/A,Rate goes up by $20/team if registered after 9/1,60640,"""Players Sport & Social Group - Chicago, IL.jpg (https://v5.airtableusercontent.com/v3/u/57/57/1790064000000/mWxE35quQC3x-9MPEhhw9w/V6FtbovUCQcgU98v9xD1xPUXtb29gxCmKX6iTJm1Ut0RC8FcrljSrsumhrjrRAV0Q1kS-M4QAFyfnbX-Kh2WEGT95jZXmQbHonmWoRsYbfjYzrijU_sySQc_7hQgf2iBUNm6bbtNxewIjeIlkPH8y5DkYuoy_xp3MRSB1BoYh-KY2OooL5Pf8fFmvVTuWPyg/J-Sbapgy6nzHLPmA8xP90IsOFz6LWgO16chhGNv8ZCs)""",Approved,Dane Schweinzger
"September 19, 2026",2026 Players Beach Series #12 - Players Appreciation Tourney,Beach,"Men's Doubles,Women's Doubles,Coed Doubles,Men's Quads,Coed Quads","Open,A,BB,B,Recreational",Chicago,Illinois,North Avenue Beach,"1600 N. Jean-Baptiste Pointe DuSable Lake Shore Drive, Chicago, IL 60611",$60.00,9/16/2026,Chicago Players Sports & Social Group,play@playerssports.net,https://www.playerssports.net/league/96254/details,N/A,Rate goes up by $20/team if registered after 9/13,60614,"""Players Sport & Social Group - Chicago, IL.jpg (https://v5.airtableusercontent.com/v3/u/57/57/1790064000000/mWxE35quQC3x-9MPEhhw9w/V6FtbovUCQcgU98v9xD1xPUXtb29gxCmKX6iTJm1Ut0RC8FcrljSrsumhrjrRAV0Q1kS-M4QAFyfnbX-Kh2WEGT95jZXmQbHonmWoRsYbfjYzrijU_sySQc_7hQgf2iBUNm6bbtNxewIjeIlkPH8y5DkYuoy_xp3MRSB1BoYh-KY2OooL5Pf8fFmvVTuWPyg/J-Sbapgy6nzHLPmA8xP90IsOFz6LWgO16chhGNv8ZCs)""",Approved,Dane Schweinzger
"September 19, 2026",AVPA COED Doubles,Beach,Coed Doubles,"A,BB",Spring Hill,Tennessee,Hyden Beach,"5191 Joe Peay Rd, Spring Hill, Tennessee 37174",,,Hyden Beach,hydenbeach@gmail.com,https://hydenbeach.com/,Prizes for top finishers,AVPArmerica membership required.,37174,Hyden Beach Volleyball.png (https://v5.airtableusercontent.com/v3/u/57/57/1790064000000/PyXdelqZYOOd3ipuoCWIYg/7mx1u0SrvV1CLBUx9ib8Mc6ak5S2_lVJD2zVyFmyxATKp1lfEDqbnj_5-H9BJlYWYGNOizjpN6GzWO6KrqXLoBt-oJtVdb3mTCxKMojZd3zW_LEd_uHzWqMo8Y0sN_hirs4WPeHnjoAJduJQUgYxFDeg0V1j2bAJRiOEw7davI0/lk3kPgAJPI8tFzrUE29HJe2rcd58FCSQ_VhV4cDtQVs),Approved,Tommy Heimrich
"September 19, 2026",BYOP Coed Quads,Beach,Coed Quads,Open,Loveland,Ohio,Grand Sands Volleyball,"10750 Loveland-Madeira Rd, Loveland, Ohio 45140",$60.00,,Cin-City Volleyball,play@cincityvolleyball.com,https://cincityvolleyball.com/tournament-registration,,BYOP = Bring Your Own Partner. 3:30pm start.,45140,Cin-City Volleyball.png (https://v5.airtableusercontent.com/v3/u/57/57/1790064000000/yioY5_Ja1GxxHG0g2w6XcA/GOcCqVngb1dvC4DJAov67qTDAM0RmxPXbNsveYPxXmrr6towriXbIyBCAtRzwxcQVVTIIpwOzy3aFjFaRKKfy38ViYiqNACGXImeNqSZxGpiDBaG1ZnC4-Tw4cYExSyGrElkyeNcw-IDatwfsOfKPtE1LxzkJxicPjeN4gga6oc/1K1S_14HFj4x1dOi-M6XLU9U2qcRXJ0GjHYdpsgC1HY),Approved,Tommy Heimrich
"September 19, 2026",Chucktown Volleyball,Grass,"Men's Doubles,Women's Doubles","Open,A,B",Summerville,South Carolina,Gahagan Park,"184 W Boundary St, Summerville, SC 29485, USA",$40.00,,Chucktown Volleyball,Chucktownvolleyball@gmail.com,https://chucktown.volleyballlife.com/events,,,29485,Screenshot 2026-03-29 at 17.29.27.png (https://v5.airtableusercontent.com/v3/u/57/57/1790064000000/qeZ1iTl0TlSzC7sYHUsOTQ/OJ7rn-7Oi0415jyUcauVJ2bQ5Fzj6_Wmjbb0OcX7T8XsyLUAlfhyyMeKI_b5xohwBuCxw3Ff9ap7_ipfJtivaNfhFFXim2jpc3f3odAmEJprc5CNACA-IWdnR1RqlzOpwy2Ct7rWQn3vDVVQ2mYnPmumaFZB3mQO9qubO3MdnoKkZL0kvY5CnYjAAthJWg32/dTYn40d7RlWxNaXNKYHUwvgr57HY6l2JVBXCpOYxzuo),Approved,Tommy Heimrich
"September 19, 2026",SSOVA Beach Series - Siesta Key,Beach,"Men's Doubles,Women's Doubles","Open,AAA,AA,A,BB,B",Siesta Key,Florida,Siesta Beach,"948 Beach Rd, Sarasota, Florida 34242",$75.00,9/17/2026,SSOVA,director@ssova.com,https://www.ssova.com/,Cash for Open; Prizes for AAA-B,"Open check-in 7-7:15am, Start 7:30am. AAA-B check-in 7-7:30am, Start 8am. AVP Silver required.",34242,SSOVA.png (https://v5.airtableusercontent.com/v3/u/57/57/1790064000000/B5yvYLzH0wK08O2etuBnYg/-DiXtGw9BmxyK95C6cEppJjp4H_WHJq2SFhbnuwnr7mu8sA4c-whFb3wo4HLutM9oWhGcj-XlUx6qmT2EPqv-6t57MFo9GnIfKL58mH9Qk8Hziry1NYEMfqkIktqFTG4FmVpKaEfvsI9wL9yy9hv0w/Ahr0kBqxrGBRlAhbJrPs-hmA5XxgdXMA6XehqF1nLSg),,Tommy Heimrich
"September 20, 2026",Chucktown Volleyball,Grass,Coed Doubles,"Open,A,B",Summerville,South Carolina,Gahagan Park,"184 W Boundary St, Summerville, SC 29485, USA",$40.00,,Chucktown Volleyball,Chucktownvolleyball@gmail.com,https://chucktown.volleyballlife.com/events,,Junior's 2s divisions also available,29485,Screenshot 2026-03-29 at 17.29.27.png (https://v5.airtableusercontent.com/v3/u/57/57/1790064000000/qeZ1iTl0TlSzC7sYHUsOTQ/OJ7rn-7Oi0415jyUcauVJ2bQ5Fzj6_Wmjbb0OcX7T8XsyLUAlfhyyMeKI_b5xohwBuCxw3Ff9ap7_ipfJtivaNfhFFXim2jpc3f3odAmEJprc5CNACA-IWdnR1RqlzOpwy2Ct7rWQn3vDVVQ2mYnPmumaFZB3mQO9qubO3MdnoKkZL0kvY5CnYjAAthJWg32/dTYn40d7RlWxNaXNKYHUwvgr57HY6l2JVBXCpOYxzuo),Approved,Tommy Heimrich
"September 20, 2026",SSOVA Beach Series - Siesta Key,Beach,Coed Doubles,"AA,A,BB,B",Siesta Key,Florida,Siesta Beach,"948 Beach Rd, Sarasota, Florida 34242",$42.50,9/18/2026,SSOVA,director@ssova.com,https://www.ssova.com/,Prizes & AVP Points,"Coed check-in 7-7:30am, Start 8am. AVP Silver required.",34242,SSOVA.png (https://v5.airtableusercontent.com/v3/u/57/57/1790064000000/B5yvYLzH0wK08O2etuBnYg/-DiXtGw9BmxyK95C6cEppJjp4H_WHJq2SFhbnuwnr7mu8sA4c-whFb3wo4HLutM9oWhGcj-XlUx6qmT2EPqv-6t57MFo9GnIfKL58mH9Qk8Hziry1NYEMfqkIktqFTG4FmVpKaEfvsI9wL9yy9hv0w/Ahr0kBqxrGBRlAhbJrPs-hmA5XxgdXMA6XehqF1nLSg),,Tommy Heimrich
"September 26, 2026",2026 Players Grass Series #10 - Oktoberfest Tourney,Grass,"Men's Trips,Women's Trips,Coed Quads","AA,A,BB,B,Recreational",Chicago,Illinois,Montrose Grove,"601 W Montrose Ave Chicago, IL 60613",$105.00,9/24/2026,Chicago Players Sports & Social Group,Play@playerssports.net,https://www.playerssports.net/league/96282/details,N/A,"Rate goes up by $5/person if registered after 9/20
",60640,"""Players Sport & Social Group - Chicago, IL.jpg (https://v5.airtableusercontent.com/v3/u/57/57/1790064000000/mWxE35quQC3x-9MPEhhw9w/V6FtbovUCQcgU98v9xD1xPUXtb29gxCmKX6iTJm1Ut0RC8FcrljSrsumhrjrRAV0Q1kS-M4QAFyfnbX-Kh2WEGT95jZXmQbHonmWoRsYbfjYzrijU_sySQc_7hQgf2iBUNm6bbtNxewIjeIlkPH8y5DkYuoy_xp3MRSB1BoYh-KY2OooL5Pf8fFmvVTuWPyg/J-Sbapgy6nzHLPmA8xP90IsOFz6LWgO16chhGNv8ZCs)""",Approved,Dane Schweinzger
"October 3, 2026",2026 Players Beach Series #13 - Season Wrap,Beach,"Men's Doubles,Women's Doubles,Coed Doubles,Men's Quads,Coed Quads","Open,A,BB,B,Recreational",Chicago,Illinois,North Avenue Beach,"1600 N. Jean-Baptiste Pointe DuSable Lake Shore Drive, Chicago, IL 60611",$60.00,9/30/2026,Chicago Players Sports & Social Group,play@playerssports.net,https://www.playerssports.net/league/96255/details,N/A,Rate goes up by $20/team if registered after 9/27,60614,"""Players Sport & Social Group - Chicago, IL.jpg (https://v5.airtableusercontent.com/v3/u/57/57/1790064000000/mWxE35quQC3x-9MPEhhw9w/V6FtbovUCQcgU98v9xD1xPUXtb29gxCmKX6iTJm1Ut0RC8FcrljSrsumhrjrRAV0Q1kS-M4QAFyfnbX-Kh2WEGT95jZXmQbHonmWoRsYbfjYzrijU_sySQc_7hQgf2iBUNm6bbtNxewIjeIlkPH8y5DkYuoy_xp3MRSB1BoYh-KY2OooL5Pf8fFmvVTuWPyg/J-Sbapgy6nzHLPmA8xP90IsOFz6LWgO16chhGNv8ZCs)""",Approved,Dane Schweinzger
"October 3, 2026",Blocktoberfest,Grass,"Men's Trips,Women's Quads","Open,A,B",St. Louis,Missouri,,,,,,,,,,,,Approved,Tommy Heimrich
"October 3, 2026",CHARGE for Connor Quads Lottery,Beach,Coed Quads,Open,Loveland,Ohio,Grand Sands Volleyball,"10750 Loveland-Madeira Rd, Loveland, Ohio 45140",$60.00,,Cin-City Volleyball,play@cincityvolleyball.com,https://cincityvolleyball.com/tournament-registration,,Charity/benefit event. Lottery format registration. 3:30pm start.,45140,Cin-City Volleyball.png (https://v5.airtableusercontent.com/v3/u/57/57/1790064000000/yioY5_Ja1GxxHG0g2w6XcA/GOcCqVngb1dvC4DJAov67qTDAM0RmxPXbNsveYPxXmrr6towriXbIyBCAtRzwxcQVVTIIpwOzy3aFjFaRKKfy38ViYiqNACGXImeNqSZxGpiDBaG1ZnC4-Tw4cYExSyGrElkyeNcw-IDatwfsOfKPtE1LxzkJxicPjeN4gga6oc/1K1S_14HFj4x1dOi-M6XLU9U2qcRXJ0GjHYdpsgC1HY),Approved,Tommy Heimrich
"October 3, 2026",SSOVA Siesta Key Beach Series,Beach,"Men's Doubles,Women's Doubles","Open,AAA,AA,A,BB,B",Siesta Key Beach,Florida,Siesta Key Beach,"948 Beach Rd, Sarasota, Florida 34242",$75.00,10/1/2026,SSOVA,director@ssova.com,https://www.ssova.com/,Cash for Open; Prizes for AAA-B,Open check-in 7-7:15am. AAA-B check-in 7-7:30am. Play at 8:00am.,34242,SSOVA.png (https://v5.airtableusercontent.com/v3/u/57/57/1790064000000/B5yvYLzH0wK08O2etuBnYg/-DiXtGw9BmxyK95C6cEppJjp4H_WHJq2SFhbnuwnr7mu8sA4c-whFb3wo4HLutM9oWhGcj-XlUx6qmT2EPqv-6t57MFo9GnIfKL58mH9Qk8Hziry1NYEMfqkIktqFTG4FmVpKaEfvsI9wL9yy9hv0w/Ahr0kBqxrGBRlAhbJrPs-hmA5XxgdXMA6XehqF1nLSg),,Tommy Heimrich
"October 4, 2026",SSOVA Siesta Key Beach Series ,Beach,Coed Doubles,"AA,A,BB,B",Siesta Key Beach,Florida,Siesta Key Beach,"948 Beach Rd, Sarasota, Florida 34242",$75.00,10/2/2026,SSOVA,director@ssova.com,https://www.ssova.com/,Cash for Open; Prizes for AAA-B,Adult Coed check-in 7-7:30am. Play at 8:00am.,34242,SSOVA.png (https://v5.airtableusercontent.com/v3/u/57/57/1790064000000/B5yvYLzH0wK08O2etuBnYg/-DiXtGw9BmxyK95C6cEppJjp4H_WHJq2SFhbnuwnr7mu8sA4c-whFb3wo4HLutM9oWhGcj-XlUx6qmT2EPqv-6t57MFo9GnIfKL58mH9Qk8Hziry1NYEMfqkIktqFTG4FmVpKaEfvsI9wL9yy9hv0w/Ahr0kBqxrGBRlAhbJrPs-hmA5XxgdXMA6XehqF1nLSg),,Tommy Heimrich
"October 10, 2026",2026 Players Grass Series #11 -Players Fall Classic,Grass,"Men's Trips,Women's Trips,Coed Quads","AA,A,BB,B,Recreational",Chicago,Illinois,Montrose Cricket Hill,"601 W Montrose Ave Chicago, IL 60613",$105.00,10/8/2026,Chicago Players Sports & Social Group,Play@playerssports.net,https://www.playerssports.net/league/96283/details,N/A,"Rate goes up by $5/person if registered after 10/4
",60640,"""Players Sport & Social Group - Chicago, IL.jpg (https://v5.airtableusercontent.com/v3/u/57/57/1790064000000/mWxE35quQC3x-9MPEhhw9w/V6FtbovUCQcgU98v9xD1xPUXtb29gxCmKX6iTJm1Ut0RC8FcrljSrsumhrjrRAV0Q1kS-M4QAFyfnbX-Kh2WEGT95jZXmQbHonmWoRsYbfjYzrijU_sySQc_7hQgf2iBUNm6bbtNxewIjeIlkPH8y5DkYuoy_xp3MRSB1BoYh-KY2OooL5Pf8fFmvVTuWPyg/J-Sbapgy6nzHLPmA8xP90IsOFz6LWgO16chhGNv8ZCs)""",Approved,Dane Schweinzger
"October 10, 2026",Cin-City Volleyball - AVP A/B Doubles,Beach,"Men's Doubles,Women's Doubles","A,BB",Loveland,Ohio,Grand Sands Volleyball,"10750 Loveland-Madeira Rd, Loveland, Ohio 45140",$60.00,,Cin-City Volleyball,play@cincityvolleyball.com,https://cincity.volleyballlife.com/events,,AVP America Silver Membership or higher required. 8:00am start.,45140,Cin-City Volleyball.png (https://v5.airtableusercontent.com/v3/u/57/57/1790064000000/yioY5_Ja1GxxHG0g2w6XcA/GOcCqVngb1dvC4DJAov67qTDAM0RmxPXbNsveYPxXmrr6towriXbIyBCAtRzwxcQVVTIIpwOzy3aFjFaRKKfy38ViYiqNACGXImeNqSZxGpiDBaG1ZnC4-Tw4cYExSyGrElkyeNcw-IDatwfsOfKPtE1LxzkJxicPjeN4gga6oc/1K1S_14HFj4x1dOi-M6XLU9U2qcRXJ0GjHYdpsgC1HY),Approved,Tommy Heimrich
"October 17, 2026",Grand Sands Halloween BYOT Quads,Beach,Coed Quads,Open,Loveland,Ohio,Grand Sands Volleyball,"10750 Loveland-Madeira Rd, Loveland, Ohio 45140",$60.00,,Cin-City Volleyball,play@cincityvolleyball.com,https://cincityvolleyball.com/tournament-registration,,Halloween-themed event. BYOT = Bring Your Own Team. 3:30pm start. Hosted at Grand Sands.,45140,Cin-City Volleyball.png (https://v5.airtableusercontent.com/v3/u/57/57/1790064000000/yioY5_Ja1GxxHG0g2w6XcA/GOcCqVngb1dvC4DJAov67qTDAM0RmxPXbNsveYPxXmrr6towriXbIyBCAtRzwxcQVVTIIpwOzy3aFjFaRKKfy38ViYiqNACGXImeNqSZxGpiDBaG1ZnC4-Tw4cYExSyGrElkyeNcw-IDatwfsOfKPtE1LxzkJxicPjeN4gga6oc/1K1S_14HFj4x1dOi-M6XLU9U2qcRXJ0GjHYdpsgC1HY),Approved,Tommy Heimrich
"October 17, 2026",SSOVA St. Pete Beach Series,Beach,"Men's Doubles,Women's Doubles","Open,AAA,AA,A,BB,B",St. Pete Beach,Florida,St. Pete Beach,"6850 Beach Plaza, St Pete Beach, Florida 33706",$75.00,10/15/2026,SSOVA,director@ssova.com,https://www.ssova.com/,Cash for Open; Prizes for AAA-B,Open check-in 7-7:15am. AAA-B check-in 7-7:30am. Play at 8:00am.,33706,SSOVA.png (https://v5.airtableusercontent.com/v3/u/57/57/1790064000000/B5yvYLzH0wK08O2etuBnYg/-DiXtGw9BmxyK95C6cEppJjp4H_WHJq2SFhbnuwnr7mu8sA4c-whFb3wo4HLutM9oWhGcj-XlUx6qmT2EPqv-6t57MFo9GnIfKL58mH9Qk8Hziry1NYEMfqkIktqFTG4FmVpKaEfvsI9wL9yy9hv0w/Ahr0kBqxrGBRlAhbJrPs-hmA5XxgdXMA6XehqF1nLSg),,Tommy Heimrich
"October 18, 2026",SSOVA St. Pete Beach Series,Beach,Coed Doubles,"AA,A,BB,B",St. Pete Beach,Florida,St. Pete Beach,"6850 Beach Plaza, St Pete Beach, Florida 33706",$75.00,10/16/2026,SSOVA,director@ssova.com,https://www.ssova.com/,Cash for Open; Prizes for AAA-B,Adult Coed check-in 7-7:30am. Play at 8:00am.,33706,SSOVA.png (https://v5.airtableusercontent.com/v3/u/57/57/1790064000000/B5yvYLzH0wK08O2etuBnYg/-DiXtGw9BmxyK95C6cEppJjp4H_WHJq2SFhbnuwnr7mu8sA4c-whFb3wo4HLutM9oWhGcj-XlUx6qmT2EPqv-6t57MFo9GnIfKL58mH9Qk8Hziry1NYEMfqkIktqFTG4FmVpKaEfvsI9wL9yy9hv0w/Ahr0kBqxrGBRlAhbJrPs-hmA5XxgdXMA6XehqF1nLSg),,Tommy Heimrich
"October 24, 2026",2026 Players Grass Series #12 -Block Party Tourney,Grass,"Men's Trips,Women's Trips,Coed Quads","AA,A,BB,B,Recreational",Chicago,Illinois,Montrose Cricket Hill,"601 W Montrose Ave Chicago, IL 60613",$105.00,10/22/2026,Chicago Players Sports & Social Group,Play@playerssports.net,https://www.playerssports.net/league/96284/details,N/A,"Rate goes up by $5/person if registered after 10/18
",60640,"""Players Sport & Social Group - Chicago, IL.jpg (https://v5.airtableusercontent.com/v3/u/57/57/1790064000000/mWxE35quQC3x-9MPEhhw9w/V6FtbovUCQcgU98v9xD1xPUXtb29gxCmKX6iTJm1Ut0RC8FcrljSrsumhrjrRAV0Q1kS-M4QAFyfnbX-Kh2WEGT95jZXmQbHonmWoRsYbfjYzrijU_sySQc_7hQgf2iBUNm6bbtNxewIjeIlkPH8y5DkYuoy_xp3MRSB1BoYh-KY2OooL5Pf8fFmvVTuWPyg/J-Sbapgy6nzHLPmA8xP90IsOFz6LWgO16chhGNv8ZCs)""",Approved,Dane Schweinzger
"October 24, 2026",Chucktown Volleyball,Grass,"Men's Doubles,Women's Doubles","Open,A,B",Summerville,South Carolina,Gahagan Park,"184 W Boundary St, Summerville, SC 29485, USA",$40.00,,Chucktown Volleyball,Chucktownvolleyball@gmail.com,https://chucktown.volleyballlife.com/events,,,29485,Screenshot 2026-03-29 at 17.29.27.png (https://v5.airtableusercontent.com/v3/u/57/57/1790064000000/qeZ1iTl0TlSzC7sYHUsOTQ/OJ7rn-7Oi0415jyUcauVJ2bQ5Fzj6_Wmjbb0OcX7T8XsyLUAlfhyyMeKI_b5xohwBuCxw3Ff9ap7_ipfJtivaNfhFFXim2jpc3f3odAmEJprc5CNACA-IWdnR1RqlzOpwy2Ct7rWQn3vDVVQ2mYnPmumaFZB3mQO9qubO3MdnoKkZL0kvY5CnYjAAthJWg32/dTYn40d7RlWxNaXNKYHUwvgr57HY6l2JVBXCpOYxzuo),Approved,Tommy Heimrich
"October 24, 2026",SSOVA Pompano Beach Series,Beach,"Men's Doubles,Women's Doubles","Open,AAA,AA,A,BB,B",Pompano Beach,Florida,Pompano Beach,"222 N Pompano Beach Blvd, Pompano Beach, Florida 33062",$75.00,10/22/2026,SSOVA,director@ssova.com,https://www.ssova.com/,Cash for Open; Prizes for AAA-B,Open check-in 7-7:15am. AAA-B check-in 7-7:30am. Play at 8:00am.,33062,SSOVA.png (https://v5.airtableusercontent.com/v3/u/57/57/1790064000000/B5yvYLzH0wK08O2etuBnYg/-DiXtGw9BmxyK95C6cEppJjp4H_WHJq2SFhbnuwnr7mu8sA4c-whFb3wo4HLutM9oWhGcj-XlUx6qmT2EPqv-6t57MFo9GnIfKL58mH9Qk8Hziry1NYEMfqkIktqFTG4FmVpKaEfvsI9wL9yy9hv0w/Ahr0kBqxrGBRlAhbJrPs-hmA5XxgdXMA6XehqF1nLSg),,Tommy Heimrich
"October 25, 2026",Chucktown Volleyball,Grass,Reverse Coed Doubles,"Open,A,B",Summerville,South Carolina,Gahagan Park,"184 W Boundary St, Summerville, SC 29485, USA",$40.00,,Chucktown Volleyball,Chucktownvolleyball@gmail.com,https://chucktown.volleyballlife.com/events,,Junior's 2s divisions also available,29485,Screenshot 2026-03-29 at 17.29.27.png (https://v5.airtableusercontent.com/v3/u/57/57/1790064000000/qeZ1iTl0TlSzC7sYHUsOTQ/OJ7rn-7Oi0415jyUcauVJ2bQ5Fzj6_Wmjbb0OcX7T8XsyLUAlfhyyMeKI_b5xohwBuCxw3Ff9ap7_ipfJtivaNfhFFXim2jpc3f3odAmEJprc5CNACA-IWdnR1RqlzOpwy2Ct7rWQn3vDVVQ2mYnPmumaFZB3mQO9qubO3MdnoKkZL0kvY5CnYjAAthJWg32/dTYn40d7RlWxNaXNKYHUwvgr57HY6l2JVBXCpOYxzuo),Approved,Tommy Heimrich
"October 25, 2026",SSOVA Pompano Beach Series,Beach,Coed Doubles,"AA,A,BB,B",Pompano Beach,Florida,Pompano Beach,"222 N Pompano Beach Blvd, Pompano Beach, Florida 33062",$75.00,10/23/2026,SSOVA,director@ssova.com,https://www.ssova.com/,Cash for Open; Prizes for AAA-B,Adult Coed check-in 7-7:30am. Play at 8:00am.,33062,SSOVA.png (https://v5.airtableusercontent.com/v3/u/57/57/1790064000000/B5yvYLzH0wK08O2etuBnYg/-DiXtGw9BmxyK95C6cEppJjp4H_WHJq2SFhbnuwnr7mu8sA4c-whFb3wo4HLutM9oWhGcj-XlUx6qmT2EPqv-6t57MFo9GnIfKL58mH9Qk8Hziry1NYEMfqkIktqFTG4FmVpKaEfvsI9wL9yy9hv0w/Ahr0kBqxrGBRlAhbJrPs-hmA5XxgdXMA6XehqF1nLSg),,Tommy Heimrich
"October 31, 2026",VolleyBOO! Coed 4v4 Beach Volleyball Tournament,Beach,Coed Quads,"Open,A,B",Memphis,Tennessee,Tobey Park Sand Volleyball Courts,"2599 Avery Ave, Memphis, Tennessee 38112",,10/28/2026,901 Volleyball,901volleyball@gmail.com,https://901volleyball.volleyballlife.com/event/36038?tab=information,,"Halloween-themed tournament. $1,500 prize purse: 1st Place Costume Contest $600, Open Champion $400, A Champion $300, B Champion $200. At least 2 women on court at all times. Up to 5 players per roster. Cash prizes subject to number of teams registered.",38112,Screenshot 2026-03-29 at 20.32.47.png (https://v5.airtableusercontent.com/v3/u/57/57/1790064000000/xLOLIZ82-RQfQERhnu104Q/1USR_uS4m6XowEUBNjekXCZDSP3AuSClwVrrKgF1DK5unCfdz12GRXZ7QmvYXq-qFbKdfxC0sr5Hg8GWPAJsv1aUmlGG5J63QNQ925_73pF0DxCWD7r5eqF2cUItz-3jco1otm2EJdyMZPcimH1lQrwc3_4AhWHYAOab2EPzUQOepHDACcf8hmhCsJtG38X7/EJM-fbFhjncBHYjO-yVvdJXLyxnh6WjvuJIy_K6MbwY),Approved,Tommy Heimrich
"November 7, 2026",SSOVA Gulfport Series,Beach,"Men's Doubles,Women's Doubles","Open,AAA,AA,A,BB,B",Gulfport,Florida,Gulfport,"5500 Shore Blvd S, Gulfport, Florida 33707",$75.00,11/5/2026,SSOVA,director@ssova.com,https://www.ssova.com/,Cash for Open; Prizes for AAA-B,Open check-in 7-7:15am. AAA-B check-in 7-7:30am. Play at 8:00am.,33707,SSOVA.png (https://v5.airtableusercontent.com/v3/u/57/57/1790064000000/B5yvYLzH0wK08O2etuBnYg/-DiXtGw9BmxyK95C6cEppJjp4H_WHJq2SFhbnuwnr7mu8sA4c-whFb3wo4HLutM9oWhGcj-XlUx6qmT2EPqv-6t57MFo9GnIfKL58mH9Qk8Hziry1NYEMfqkIktqFTG4FmVpKaEfvsI9wL9yy9hv0w/Ahr0kBqxrGBRlAhbJrPs-hmA5XxgdXMA6XehqF1nLSg),,Tommy Heimrich
"November 8, 2026",SSOVA Gulfport Series,Beach,Coed Doubles,"AA,A,BB,B",Gulfport,Florida,Gulfport,"5500 Shore Blvd S, Gulfport, Florida 33707",$75.00,11/6/2026,SSOVA,director@ssova.com,https://www.ssova.com/,Cash for Open; Prizes for AAA-B,Adult Coed check-in 7-7:30am. Play at 8:00am.,33707,SSOVA.png (https://v5.airtableusercontent.com/v3/u/57/57/1790064000000/B5yvYLzH0wK08O2etuBnYg/-DiXtGw9BmxyK95C6cEppJjp4H_WHJq2SFhbnuwnr7mu8sA4c-whFb3wo4HLutM9oWhGcj-XlUx6qmT2EPqv-6t57MFo9GnIfKL58mH9Qk8Hziry1NYEMfqkIktqFTG4FmVpKaEfvsI9wL9yy9hv0w/Ahr0kBqxrGBRlAhbJrPs-hmA5XxgdXMA6XehqF1nLSg),,Tommy Heimrich
"November 14, 2026",2026 Players Grass Series #13 - Hoodie Tourney,Grass,"Men's Trips,Women's Trips,Coed Quads","AA,A,BB,B,Recreational",Chicago,Illinois,Montrose Grove,"601 W Montrose Ave Chicago, IL 60613",$105.00,11/12/2026,Chicago Players Sports & Social Group,Play@playerssports.net,https://www.playerssports.net/league/96285/details,N/A,"Rate goes up by $5/person if registered after 11/8
",60640,"""Players Sport & Social Group - Chicago, IL.jpg (https://v5.airtableusercontent.com/v3/u/57/57/1790064000000/mWxE35quQC3x-9MPEhhw9w/V6FtbovUCQcgU98v9xD1xPUXtb29gxCmKX6iTJm1Ut0RC8FcrljSrsumhrjrRAV0Q1kS-M4QAFyfnbX-Kh2WEGT95jZXmQbHonmWoRsYbfjYzrijU_sySQc_7hQgf2iBUNm6bbtNxewIjeIlkPH8y5DkYuoy_xp3MRSB1BoYh-KY2OooL5Pf8fFmvVTuWPyg/J-Sbapgy6nzHLPmA8xP90IsOFz6LWgO16chhGNv8ZCs)""",Approved,Dane Schweinzger
"November 14, 2026",Cin-City Volleyball - AVP Open Doubles,Beach,"Men's Doubles,Women's Doubles",Open,Loveland,Ohio,Grand Sands Volleyball,"10750 Loveland-Madeira Rd, Loveland, Ohio 45140",$60.00,,Cin-City Volleyball,play@cincityvolleyball.com,https://cincity.volleyballlife.com/events,,AVP America Silver Membership or higher required. 8:00am start.,45140,Cin-City Volleyball.png (https://v5.airtableusercontent.com/v3/u/57/57/1790064000000/yioY5_Ja1GxxHG0g2w6XcA/GOcCqVngb1dvC4DJAov67qTDAM0RmxPXbNsveYPxXmrr6towriXbIyBCAtRzwxcQVVTIIpwOzy3aFjFaRKKfy38ViYiqNACGXImeNqSZxGpiDBaG1ZnC4-Tw4cYExSyGrElkyeNcw-IDatwfsOfKPtE1LxzkJxicPjeN4gga6oc/1K1S_14HFj4x1dOi-M6XLU9U2qcRXJ0GjHYdpsgC1HY),Approved,Tommy Heimrich
"November 14, 2026",SSOVA St. Pete Beach Series,Beach,"Men's Doubles,Women's Doubles","Open,AAA,AA,A,BB,B",St. Pete Beach,Florida,St. Pete Beach,"6850 Beach Plaza, St Pete Beach, Florida 33706",$75.00,11/12/2026,SSOVA,director@ssova.com,https://www.ssova.com/,Cash for Open; Prizes for AAA-B,Open check-in 7-7:15am. AAA-B check-in 7-7:30am. Play at 8:00am.,33706,SSOVA.png (https://v5.airtableusercontent.com/v3/u/57/57/1790064000000/B5yvYLzH0wK08O2etuBnYg/-DiXtGw9BmxyK95C6cEppJjp4H_WHJq2SFhbnuwnr7mu8sA4c-whFb3wo4HLutM9oWhGcj-XlUx6qmT2EPqv-6t57MFo9GnIfKL58mH9Qk8Hziry1NYEMfqkIktqFTG4FmVpKaEfvsI9wL9yy9hv0w/Ahr0kBqxrGBRlAhbJrPs-hmA5XxgdXMA6XehqF1nLSg),,Tommy Heimrich
"November 14, 2026",VolleyGOBBLE M/W 4v4 Grass Volleyball Tournament Benefiting the Mid-South Food Bank,Grass,Men's Quads,"Open,A,B",Memphis,Tennessee,Tom Lee Park,"422 Riverside Dr, Memphis, Tennessee 38103",,11/11/2026,901 Volleyball,901volleyball@gmail.com,https://901volleyball.volleyballlife.com/event/36037?tab=information,,Benefit tournament for Mid-South Food Bank. 8:00am start time to deconflict with Big River Crossing Marathon. Max 5 players per team. Merchandise and sponsor prizes only — no cash prizes. Pool play followed by playoffs.,38103,Screenshot 2026-03-29 at 20.32.47.png (https://v5.airtableusercontent.com/v3/u/57/57/1790064000000/xLOLIZ82-RQfQERhnu104Q/1USR_uS4m6XowEUBNjekXCZDSP3AuSClwVrrKgF1DK5unCfdz12GRXZ7QmvYXq-qFbKdfxC0sr5Hg8GWPAJsv1aUmlGG5J63QNQ925_73pF0DxCWD7r5eqF2cUItz-3jco1otm2EJdyMZPcimH1lQrwc3_4AhWHYAOab2EPzUQOepHDACcf8hmhCsJtG38X7/EJM-fbFhjncBHYjO-yVvdJXLyxnh6WjvuJIy_K6MbwY),Approved,Tommy Heimrich
"November 15, 2026",SSOVA St. Pete Beach Series,Beach,Coed Doubles,"AA,A,BB,B",St. Pete Beach,Florida,St. Pete Beach,"6850 Beach Plaza, St Pete Beach, Florida 33706",$75.00,11/13/2026,SSOVA,director@ssova.com,https://www.ssova.com/,Cash for Open; Prizes for AAA-B,Adult Coed check-in 7-7:30am. Play at 8:00am.,33706,SSOVA.png (https://v5.airtableusercontent.com/v3/u/57/57/1790064000000/B5yvYLzH0wK08O2etuBnYg/-DiXtGw9BmxyK95C6cEppJjp4H_WHJq2SFhbnuwnr7mu8sA4c-whFb3wo4HLutM9oWhGcj-XlUx6qmT2EPqv-6t57MFo9GnIfKL58mH9Qk8Hziry1NYEMfqkIktqFTG4FmVpKaEfvsI9wL9yy9hv0w/Ahr0kBqxrGBRlAhbJrPs-hmA5XxgdXMA6XehqF1nLSg),,Tommy Heimrich
"November 21, 2026",Chucktown Volleyball,Grass,"Men's Trips,Women's Trips","Open,A,B",Summerville,South Carolina,Gahagan Park,"184 W Boundary St, Summerville, SC 29485, USA",$40.00,,Chucktown Volleyball,Chucktownvolleyball@gmail.com,https://chucktown.volleyballlife.com/events,,Vets Charity,29485,Screenshot 2026-03-29 at 17.29.27.png (https://v5.airtableusercontent.com/v3/u/57/57/1790064000000/qeZ1iTl0TlSzC7sYHUsOTQ/OJ7rn-7Oi0415jyUcauVJ2bQ5Fzj6_Wmjbb0OcX7T8XsyLUAlfhyyMeKI_b5xohwBuCxw3Ff9ap7_ipfJtivaNfhFFXim2jpc3f3odAmEJprc5CNACA-IWdnR1RqlzOpwy2Ct7rWQn3vDVVQ2mYnPmumaFZB3mQO9qubO3MdnoKkZL0kvY5CnYjAAthJWg32/dTYn40d7RlWxNaXNKYHUwvgr57HY6l2JVBXCpOYxzuo),Approved,Tommy Heimrich
"November 21, 2026",Cornucopia Coed Quads Lottery,Beach,Coed Quads,Open,Loveland,Ohio,Grand Sands Volleyball,"10750 Loveland-Madeira Rd, Loveland, Ohio 45140",$60.00,,Cin-City Volleyball,play@cincityvolleyball.com,https://cincityvolleyball.com/tournament-registration,,Thanksgiving-themed event. Lottery format registration. 3:30pm start.,45140,Cin-City Volleyball.png (https://v5.airtableusercontent.com/v3/u/57/57/1790064000000/yioY5_Ja1GxxHG0g2w6XcA/GOcCqVngb1dvC4DJAov67qTDAM0RmxPXbNsveYPxXmrr6towriXbIyBCAtRzwxcQVVTIIpwOzy3aFjFaRKKfy38ViYiqNACGXImeNqSZxGpiDBaG1ZnC4-Tw4cYExSyGrElkyeNcw-IDatwfsOfKPtE1LxzkJxicPjeN4gga6oc/1K1S_14HFj4x1dOi-M6XLU9U2qcRXJ0GjHYdpsgC1HY),Approved,Tommy Heimrich
"November 22, 2026",Chucktown Volleyball,Grass,Coed Trips,"Open,A,B",Summerville,South Carolina,Gahagan Park,"184 W Boundary St, Summerville, SC 29485, USA",$40.00,,Chucktown Volleyball,Chucktownvolleyball@gmail.com,https://chucktown.volleyballlife.com/events,,Junior's 3s divisions also available,29485,Screenshot 2026-03-29 at 17.29.27.png (https://v5.airtableusercontent.com/v3/u/57/57/1790064000000/qeZ1iTl0TlSzC7sYHUsOTQ/OJ7rn-7Oi0415jyUcauVJ2bQ5Fzj6_Wmjbb0OcX7T8XsyLUAlfhyyMeKI_b5xohwBuCxw3Ff9ap7_ipfJtivaNfhFFXim2jpc3f3odAmEJprc5CNACA-IWdnR1RqlzOpwy2Ct7rWQn3vDVVQ2mYnPmumaFZB3mQO9qubO3MdnoKkZL0kvY5CnYjAAthJWg32/dTYn40d7RlWxNaXNKYHUwvgr57HY6l2JVBXCpOYxzuo),Approved,Tommy Heimrich
"November 28, 2026",2026 Players Grass Series #14 - Turkey Classic,Grass,"Men's Trips,Women's Trips,Coed Quads","AA,A,BB,B,Recreational",Chicago,Illinois,Montrose Grove,"601 W Montrose Ave Chicago, IL 60613",$105.00,11/26/2026,Chicago Players Sports & Social Group,Play@playerssports.net,https://www.playerssports.net/league/96286/details,,"Rate goes up by $5/person if registered after 11/22
",60640,"""Players Sport & Social Group - Chicago, IL.jpg (https://v5.airtableusercontent.com/v3/u/57/57/1790064000000/mWxE35quQC3x-9MPEhhw9w/V6FtbovUCQcgU98v9xD1xPUXtb29gxCmKX6iTJm1Ut0RC8FcrljSrsumhrjrRAV0Q1kS-M4QAFyfnbX-Kh2WEGT95jZXmQbHonmWoRsYbfjYzrijU_sySQc_7hQgf2iBUNm6bbtNxewIjeIlkPH8y5DkYuoy_xp3MRSB1BoYh-KY2OooL5Pf8fFmvVTuWPyg/J-Sbapgy6nzHLPmA8xP90IsOFz6LWgO16chhGNv8ZCs)""",Approved,Dane Schweinzger
"December 5, 2026",Chucktown Volleyball,Grass,Reverse Coed Doubles,"Open,A,B",Summerville,South Carolina,Gahagan Park,"184 W Boundary St, Summerville, SC 29485, USA",$40.00,,Chucktown Volleyball,Chucktownvolleyball@gmail.com,https://chucktown.volleyballlife.com/events,,Junior's 2s divisions also available,29485,Screenshot 2026-03-29 at 17.29.27.png (https://v5.airtableusercontent.com/v3/u/57/57/1790064000000/qeZ1iTl0TlSzC7sYHUsOTQ/OJ7rn-7Oi0415jyUcauVJ2bQ5Fzj6_Wmjbb0OcX7T8XsyLUAlfhyyMeKI_b5xohwBuCxw3Ff9ap7_ipfJtivaNfhFFXim2jpc3f3odAmEJprc5CNACA-IWdnR1RqlzOpwy2Ct7rWQn3vDVVQ2mYnPmumaFZB3mQO9qubO3MdnoKkZL0kvY5CnYjAAthJWg32/dTYn40d7RlWxNaXNKYHUwvgr57HY6l2JVBXCpOYxzuo),Approved,Tommy Heimrich
"December 5, 2026",SSOVA St. Pete Beach Series,Beach,"Men's Doubles,Women's Doubles","Open,AAA,AA,A,BB,B",St. Pete Beach,Florida,St. Pete Beach,"6850 Beach Plaza, St Pete Beach, Florida 33706",$75.00,12/3/2026,SSOVA,director@ssova.com,https://www.ssova.com/,Cash for Open; Prizes for AAA-B,Open check-in 7-7:15am. AAA-B check-in 7-7:30am. Play at 8:00am.,33706,SSOVA.png (https://v5.airtableusercontent.com/v3/u/57/57/1790064000000/B5yvYLzH0wK08O2etuBnYg/-DiXtGw9BmxyK95C6cEppJjp4H_WHJq2SFhbnuwnr7mu8sA4c-whFb3wo4HLutM9oWhGcj-XlUx6qmT2EPqv-6t57MFo9GnIfKL58mH9Qk8Hziry1NYEMfqkIktqFTG4FmVpKaEfvsI9wL9yy9hv0w/Ahr0kBqxrGBRlAhbJrPs-hmA5XxgdXMA6XehqF1nLSg),,Tommy Heimrich
"December 5, 2026",Toys 4 Tots BYOT Coed Quads,Beach,Coed Quads,Open,Loveland,Ohio,Grand Sands Volleyball,"10750 Loveland-Madeira Rd, Loveland, Ohio 45140",$60.00,,Cin-City Volleyball,play@cincityvolleyball.com,https://cincityvolleyball.com/tournament-registration,,Charity event benefiting Toys for Tots. BYOT = Bring Your Own Team. 3:30pm start.,45140,Cin-City Volleyball.png (https://v5.airtableusercontent.com/v3/u/57/57/1790064000000/yioY5_Ja1GxxHG0g2w6XcA/GOcCqVngb1dvC4DJAov67qTDAM0RmxPXbNsveYPxXmrr6towriXbIyBCAtRzwxcQVVTIIpwOzy3aFjFaRKKfy38ViYiqNACGXImeNqSZxGpiDBaG1ZnC4-Tw4cYExSyGrElkyeNcw-IDatwfsOfKPtE1LxzkJxicPjeN4gga6oc/1K1S_14HFj4x1dOi-M6XLU9U2qcRXJ0GjHYdpsgC1HY),Approved,Tommy Heimrich
"December 6, 2026",Chucktown Volleyball,Grass,"Men's Doubles,Women's Doubles","Open,A,B",Summerville,South Carolina,Gahagan Park,"184 W Boundary St, Summerville, SC 29485, USA",$40.00,,Chucktown Volleyball,Chucktownvolleyball@gmail.com,https://chucktown.volleyballlife.com/events,,,29485,Screenshot 2026-03-29 at 17.29.27.png (https://v5.airtableusercontent.com/v3/u/57/57/1790064000000/qeZ1iTl0TlSzC7sYHUsOTQ/OJ7rn-7Oi0415jyUcauVJ2bQ5Fzj6_Wmjbb0OcX7T8XsyLUAlfhyyMeKI_b5xohwBuCxw3Ff9ap7_ipfJtivaNfhFFXim2jpc3f3odAmEJprc5CNACA-IWdnR1RqlzOpwy2Ct7rWQn3vDVVQ2mYnPmumaFZB3mQO9qubO3MdnoKkZL0kvY5CnYjAAthJWg32/dTYn40d7RlWxNaXNKYHUwvgr57HY6l2JVBXCpOYxzuo),Approved,Tommy Heimrich
"December 6, 2026",SSOVA St. Pete Beach Series,Beach,Coed Doubles,"AA,A,BB,B",St. Pete Beach,Florida,St. Pete Beach,"6850 Beach Plaza, St Pete Beach, Florida 33706",$75.00,12/4/2026,SSOVA,director@ssova.com,https://www.ssova.com/,Cash for Open; Prizes for AAA-B,Adult Coed check-in 7-7:30am. Play at 8:00am.,33706,SSOVA.png (https://v5.airtableusercontent.com/v3/u/57/57/1790064000000/B5yvYLzH0wK08O2etuBnYg/-DiXtGw9BmxyK95C6cEppJjp4H_WHJq2SFhbnuwnr7mu8sA4c-whFb3wo4HLutM9oWhGcj-XlUx6qmT2EPqv-6t57MFo9GnIfKL58mH9Qk8Hziry1NYEMfqkIktqFTG4FmVpKaEfvsI9wL9yy9hv0w/Ahr0kBqxrGBRlAhbJrPs-hmA5XxgdXMA6XehqF1nLSg),,Tommy Heimrich
"December 12, 2026",Cin-City Volleyball - AVP A/B Doubles,Beach,"Men's Doubles,Women's Doubles","A,BB",Loveland,Ohio,Grand Sands Volleyball,"10750 Loveland-Madeira Rd, Loveland, Ohio 45140",$60.00,,Cin-City Volleyball,play@cincityvolleyball.com,https://cincity.volleyballlife.com/events,,AVP America Silver Membership or higher required. 8:00am start.,45140,Cin-City Volleyball.png (https://v5.airtableusercontent.com/v3/u/57/57/1790064000000/yioY5_Ja1GxxHG0g2w6XcA/GOcCqVngb1dvC4DJAov67qTDAM0RmxPXbNsveYPxXmrr6towriXbIyBCAtRzwxcQVVTIIpwOzy3aFjFaRKKfy38ViYiqNACGXImeNqSZxGpiDBaG1ZnC4-Tw4cYExSyGrElkyeNcw-IDatwfsOfKPtE1LxzkJxicPjeN4gga6oc/1K1S_14HFj4x1dOi-M6XLU9U2qcRXJ0GjHYdpsgC1HY),Approved,Tommy Heimrich
"December 12, 2026",SSOVA Treasure Island Series,Beach,"Men's Doubles,Women's Doubles","Open,AAA,AA,A,BB,B",Treasure Island,Florida,Treasure Island,"10650 Gulf Blvd, Treasure Island, Florida 33706",$75.00,12/10/2026,SSOVA,director@ssova.com,https://www.ssova.com/,Cash for Open; Prizes for AAA-B,Open check-in 7-7:15am. AAA-B check-in 7-7:30am. Play at 8:00am.,33706,SSOVA.png (https://v5.airtableusercontent.com/v3/u/57/57/1790064000000/B5yvYLzH0wK08O2etuBnYg/-DiXtGw9BmxyK95C6cEppJjp4H_WHJq2SFhbnuwnr7mu8sA4c-whFb3wo4HLutM9oWhGcj-XlUx6qmT2EPqv-6t57MFo9GnIfKL58mH9Qk8Hziry1NYEMfqkIktqFTG4FmVpKaEfvsI9wL9yy9hv0w/Ahr0kBqxrGBRlAhbJrPs-hmA5XxgdXMA6XehqF1nLSg),,Tommy Heimrich
"December 13, 2026",SSOVA Treasure Island Series,Beach,Coed Doubles,"AA,A,BB,B",Treasure Island,Florida,Treasure Island,"10650 Gulf Blvd, Treasure Island, Florida 33706",$75.00,12/11/2026,SSOVA,director@ssova.com,https://www.ssova.com/,Cash for Open; Prizes for AAA-B,Adult Coed check-in 7-7:30am. Play at 8:00am.,33706,SSOVA.png (https://v5.airtableusercontent.com/v3/u/57/57/1790064000000/B5yvYLzH0wK08O2etuBnYg/-DiXtGw9BmxyK95C6cEppJjp4H_WHJq2SFhbnuwnr7mu8sA4c-whFb3wo4HLutM9oWhGcj-XlUx6qmT2EPqv-6t57MFo9GnIfKL58mH9Qk8Hziry1NYEMfqkIktqFTG4FmVpKaEfvsI9wL9yy9hv0w/Ahr0kBqxrGBRlAhbJrPs-hmA5XxgdXMA6XehqF1nLSg),,Tommy Heimrich
"December 19, 2026",Santa's Little Helpers BYOT Coed Quads,Beach,Coed Quads,Open,Loveland,Ohio,Grand Sands Volleyball,"10750 Loveland-Madeira Rd, Loveland, Ohio 45140",$60.00,,Cin-City Volleyball,play@cincityvolleyball.com,https://cincityvolleyball.com/tournament-registration,,Holiday-themed event. BYOT = Bring Your Own Team. 3:30pm start.,45140,Cin-City Volleyball.png (https://v5.airtableusercontent.com/v3/u/57/57/1790064000000/yioY5_Ja1GxxHG0g2w6XcA/GOcCqVngb1dvC4DJAov67qTDAM0RmxPXbNsveYPxXmrr6towriXbIyBCAtRzwxcQVVTIIpwOzy3aFjFaRKKfy38ViYiqNACGXImeNqSZxGpiDBaG1ZnC4-Tw4cYExSyGrElkyeNcw-IDatwfsOfKPtE1LxzkJxicPjeN4gga6oc/1K1S_14HFj4x1dOi-M6XLU9U2qcRXJ0GjHYdpsgC1HY),Approved,Tommy Heimrich